imagen_id,pais,region,fecha,indice_ndvi_promedio,indice_ndvi_min,indice_ndvi_max,indice_evi,uso_suelo_predominante,humedad_suelo_estimada,cobertura_nubes,resolucion_metros,satelite,bandas_disponibles,calidad_imagen
SAT_FRA_202001_000,Francia,Región Principal,2020-01-15,0.391,0.259,0.432,0.432,bosque,0.378,0.074,30,MODIS,"RGB, NIR, SWIR",media
SAT_ARG_202001_001,Argentina,Noroeste,2020-01-31,0.488,0.39,0.601,0.555,mixto,0.48,0.055,30,Sentinel-2,"RGB, NIR, SWIR",baja
SAT_CHN_202003_002,China,Región Principal,2020-03-01,0.546,0.433,0.622,0.655,urbano,0.552,0.099,20,MODIS,"RGB, NIR, SWIR",baja
SAT_DEU_202003_003,Alemania,Región Principal,2020-03-12,0.601,0.446,0.655,0.744,urbano,0.644,0.209,60,Sentinel-2,"RGB, NIR, SWIR",media
SAT_FRA_202003_004,Francia,Región Principal,2020-03-22,0.639,0.518,0.753,0.792,mixto,0.441,0.249,10,Sentinel-2,"RGB, NIR, SWIR",baja
SAT_DEU_202004_005,Alemania,Región Principal,2020-04-18,0.764,0.535,0.912,0.968,agricultura_intensiva,0.722,0.062,10,Sentinel-2,"RGB, NIR, SWIR",alta
SAT_ARG_202005_006,Argentina,Noroeste,2020-05-16,0.657,0.528,0.767,0.854,mixto,0.652,0.024,60,Landsat 8,"RGB, NIR, SWIR",media
SAT_USA_202005_007,Estados Unidos,Pacific Northwest,2020-05-29,0.811,0.682,0.976,1.04,agricultura_extensiva,0.739,0.137,10,MODIS,"RGB, NIR, SWIR",media
SAT_CHN_202006_008,China,Región Principal,2020-06-17,0.722,0.486,0.762,0.931,urbano,0.809,0.161,15,Landsat 8,"RGB, NIR, SWIR",baja
SAT_FRA_202007_009,Francia,Región Principal,2020-07-04,0.872,0.662,1.036,1.065,agricultura_intensiva,0.685,0.233,30,Sentinel-2,"RGB, NIR, SWIR",alta
SAT_USA_202007_010,Estados Unidos,Corn Belt,2020-07-26,0.854,0.688,0.972,1.03,agricultura_intensiva,0.71,0.299,20,Landsat 8,"RGB, NIR, SWIR",baja
SAT_CHN_202008_011,China,Región Principal,2020-08-21,0.903,0.699,1.089,1.077,urbano,0.803,0.222,60,Landsat 8,"RGB, NIR, SWIR",media
SAT_ARG_202009_012,Argentina,Noroeste,2020-09-15,0.79,0.663,0.873,0.971,agricultura_extensiva,0.803,0.103,60,Landsat 8,"RGB, NIR, SWIR",alta
SAT_CHN_202010_013,China,Región Principal,2020-10-07,0.87,0.665,0.93,0.965,agricultura_intensiva,0.66,0.135,30,Landsat 8,"RGB, NIR, SWIR",baja
SAT_DEU_202010_014,Alemania,Región Principal,2020-10-21,0.613,0.502,0.668,0.753,mixto,0.589,0.009,10,Sentinel-2,"RGB, NIR, SWIR",alta
SAT_USA_202011_015,Estados Unidos,Great Plains,2020-11-12,0.54,0.38,0.586,0.63,ganaderia,0.65,0.253,10,MODIS,"RGB, NIR, SWIR",alta
SAT_USA_202012_016,Estados Unidos,California,2020-12-06,0.681,0.44,0.803,0.822,urbano,0.483,0.023,30,MODIS,"RGB, NIR, SWIR",baja
SAT_DEU_202012_017,Alemania,Región Principal,2020-12-19,0.369,0.265,0.416,0.467,agricultura_intensiva,0.367,0.159,15,MODIS,"RGB, NIR, SWIR",alta
SAT_ARG_202101_018,Argentina,Cuyo,2021-01-12,0.698,0.492,0.826,0.88,ganaderia,0.484,0.066,30,MODIS,"RGB, NIR, SWIR",baja
SAT_CHN_202101_019,China,Región Principal,2021-01-27,0.699,0.539,0.857,0.874,agricultura_intensiva,0.424,0.003,15,Sentinel-2,"RGB, NIR, SWIR",alta
SAT_IND_202102_020,India,Coastal,2021-02-17,0.539,0.402,0.667,0.619,agricultura_extensiva,0.687,0.138,15,MODIS,"RGB, NIR, SWIR",media
SAT_AUS_202103_021,Australia,Tasmania,2021-03-17,0.629,0.523,0.668,0.692,mixto,0.513,0.228,20,Landsat 8,"RGB, NIR, SWIR",media
SAT_USA_202104_022,Estados Unidos,California,2021-04-06,0.613,0.422,0.729,0.76,bosque,0.477,0.226,30,Sentinel-2,"RGB, NIR, SWIR",media
SAT_IND_202104_023,India,Coastal,2021-04-16,0.848,0.567,1.039,1.081,mixto,0.764,0.036,60,Sentinel-2,"RGB, NIR, SWIR",media
SAT_FRA_202105_024,Francia,Región Principal,2021-05-03,0.882,0.617,0.953,0.977,agricultura_extensiva,0.888,0.069,30,Sentinel-2,"RGB, NIR, SWIR",baja
SAT_DEU_202106_025,Alemania,Región Principal,2021-06-01,0.776,0.49,0.905,0.986,mixto,0.845,0.29,15,Landsat 8,"RGB, NIR, SWIR",baja
SAT_CHN_202106_026,China,Región Principal,2021-06-12,0.781,0.544,0.846,0.92,bosque,0.769,0.039,30,Landsat 8,"RGB, NIR, SWIR",media
SAT_DEU_202107_027,Alemania,Región Principal,2021-07-10,0.747,0.513,0.876,0.92,mixto,0.873,0.284,15,MODIS,"RGB, NIR, SWIR",baja
SAT_IND_202108_028,India,Ganges,2021-08-08,0.78,0.576,0.894,0.935,bosque,0.767,0.139,60,Landsat 8,"RGB, NIR, SWIR",media
SAT_ARG_202108_029,Argentina,Patagonia,2021-08-31,0.73,0.485,0.792,0.934,mixto,0.884,0.242,15,Landsat 8,"RGB, NIR, SWIR",media
SAT_IND_202109_030,India,Punjab,2021-09-16,0.646,0.408,0.68,0.717,agricultura_intensiva,0.669,0.087,30,Sentinel-2,"RGB, NIR, SWIR",alta
SAT_BRA_202110_031,Brasil,Mata Atlántica,2021-10-15,0.822,0.629,1.004,0.94,ganaderia,0.819,0.169,10,Landsat 8,"RGB, NIR, SWIR",alta
SAT_AUS_202111_032,Australia,Queensland Coast,2021-11-10,0.361,0.274,0.418,0.428,agricultura_extensiva,0.21,0.184,20,MODIS,"RGB, NIR, SWIR",media
SAT_USA_202111_033,Estados Unidos,Great Plains,2021-11-29,0.419,0.252,0.492,0.476,urbano,0.395,0.017,20,Landsat 8,"RGB, NIR, SWIR",alta
SAT_AUS_202112_034,Australia,Tasmania,2021-12-27,0.471,0.394,0.504,0.53,ganaderia,0.368,0.186,60,MODIS,"RGB, NIR, SWIR",alta
SAT_FRA_202201_035,Francia,Región Principal,2022-01-26,0.514,0.421,0.548,0.565,urbano,0.509,0.188,60,Sentinel-2,"RGB, NIR, SWIR",media
SAT_DEU_202202_036,Alemania,Región Principal,2022-02-08,0.691,0.441,0.832,0.878,urbano,0.593,0.231,10,Sentinel-2,"RGB, NIR, SWIR",alta
SAT_AUS_202202_037,Australia,Queensland Coast,2022-02-27,0.348,0.223,0.381,0.426,agricultura_intensiva,0.397,0.145,30,Landsat 8,"RGB, NIR, SWIR",alta
SAT_AUS_202203_038,Australia,Tasmania,2022-03-10,0.498,0.379,0.531,0.624,ganaderia,0.219,0.126,15,Landsat 8,"RGB, NIR, SWIR",alta
SAT_BRA_202203_039,Brasil,Amazonía,2022-03-30,0.506,0.328,0.578,0.587,agricultura_extensiva,0.489,0.055,20,Sentinel-2,"RGB, NIR, SWIR",media
SAT_ARG_202204_040,Argentina,Patagonia,2022-04-18,0.748,0.454,0.898,0.857,mixto,0.725,0.039,10,Landsat 8,"RGB, NIR, SWIR",baja
SAT_DEU_202205_041,Alemania,Región Principal,2022-05-13,0.623,0.492,0.663,0.771,bosque,0.589,0.293,20,Landsat 8,"RGB, NIR, SWIR",media
SAT_USA_202205_042,Estados Unidos,California,2022-05-30,0.624,0.429,0.679,0.756,ganaderia,0.411,0.244,20,MODIS,"RGB, NIR, SWIR",alta
SAT_FRA_202206_043,Francia,Región Principal,2022-06-20,0.819,0.657,0.912,1.002,bosque,0.678,0.215,20,Landsat 8,"RGB, NIR, SWIR",baja
SAT_DEU_202207_044,Alemania,Región Principal,2022-07-03,0.862,0.694,0.905,1.091,ganaderia,0.603,0.074,10,MODIS,"RGB, NIR, SWIR",media
SAT_CHN_202207_045,China,Región Principal,2022-07-23,0.835,0.706,1.043,1.01,agricultura_extensiva,0.781,0.237,15,Landsat 8,"RGB, NIR, SWIR",baja
SAT_IND_202208_046,India,Coastal,2022-08-02,0.798,0.511,0.988,1.024,urbano,0.612,0.154,60,MODIS,"RGB, NIR, SWIR",media
SAT_ARG_202208_047,Argentina,Noroeste,2022-08-20,0.834,0.503,0.941,1.079,agricultura_extensiva,0.782,0.101,30,Sentinel-2,"RGB, NIR, SWIR",baja
SAT_IND_202209_048,India,Ganges,2022-09-12,0.817,0.56,0.926,1.059,agricultura_extensiva,0.617,0.057,20,Sentinel-2,"RGB, NIR, SWIR",alta
SAT_ARG_202210_049,Argentina,Noroeste,2022-10-08,0.746,0.542,0.928,0.91,mixto,0.745,0.291,10,MODIS,"RGB, NIR, SWIR",baja
SAT_BRA_202210_050,Brasil,Mata Atlántica,2022-10-21,0.86,0.533,0.937,0.962,agricultura_extensiva,0.843,0.114,60,Sentinel-2,"RGB, NIR, SWIR",baja
SAT_ARG_202211_051,Argentina,Patagonia,2022-11-10,0.365,0.256,0.397,0.404,agricultura_intensiva,0.233,0.197,30,MODIS,"RGB, NIR, SWIR",baja
SAT_USA_202211_052,Estados Unidos,Corn Belt,2022-11-25,0.425,0.319,0.487,0.499,agricultura_intensiva,0.343,0.286,20,Sentinel-2,"RGB, NIR, SWIR",media
SAT_USA_202212_053,Estados Unidos,Great Plains,2022-12-06,0.332,0.261,0.368,0.388,urbano,0.222,0.185,15,MODIS,"RGB, NIR, SWIR",media
SAT_AUS_202212_054,Australia,Tasmania,2022-12-29,0.699,0.443,0.791,0.822,agricultura_extensiva,0.498,0.228,10,Sentinel-2,"RGB, NIR, SWIR",alta
SAT_USA_202301_055,Estados Unidos,Pacific Northwest,2023-01-08,0.329,0.242,0.347,0.392,ganaderia,0.346,0.167,15,Sentinel-2,"RGB, NIR, SWIR",baja
SAT_ARG_202301_056,Argentina,Patagonia,2023-01-30,0.671,0.411,0.737,0.739,bosque,0.519,0.13,10,Landsat 8,"RGB, NIR, SWIR",baja
SAT_BRA_202302_057,Brasil,Pampas,2023-02-25,0.406,0.245,0.471,0.451,agricultura_intensiva,0.203,0.065,10,Landsat 8,"RGB, NIR, SWIR",alta
SAT_ARG_202303_058,Argentina,Cuyo,2023-03-14,0.446,0.27,0.492,0.532,agricultura_extensiva,0.407,0.23,20,MODIS,"RGB, NIR, SWIR",media
SAT_FRA_202304_059,Francia,Región Principal,2023-04-12,0.857,0.637,1.041,1.034,bosque,0.612,0.187,10,Landsat 8,"RGB, NIR, SWIR",media
SAT_AUS_202305_060,Australia,Queensland Coast,2023-05-03,0.798,0.531,0.882,0.929,urbano,0.777,0.041,60,MODIS,"RGB, NIR, SWIR",media
SAT_FRA_202305_061,Francia,Región Principal,2023-05-22,0.754,0.476,0.794,0.888,mixto,0.636,0.164,20,MODIS,"RGB, NIR, SWIR",alta
SAT_CHN_202306_062,China,Región Principal,2023-06-10,0.719,0.505,0.88,0.809,mixto,0.838,0.111,60,Sentinel-2,"RGB, NIR, SWIR",alta
SAT_DEU_202306_063,Alemania,Región Principal,2023-06-30,0.604,0.508,0.683,0.715,bosque,0.652,0.093,30,Landsat 8,"RGB, NIR, SWIR",media
SAT_USA_202307_064,Estados Unidos,Pacific Northwest,2023-07-24,0.925,0.649,0.996,1.111,ganaderia,0.84,0.019,10,Landsat 8,"RGB, NIR, SWIR",media
SAT_ARG_202308_065,Argentina,Pampa Húmeda,2023-08-09,0.81,0.624,0.954,0.943,agricultura_intensiva,0.727,0.243,10,Sentinel-2,"RGB, NIR, SWIR",baja
SAT_ARG_202309_066,Argentina,Patagonia,2023-09-02,0.639,0.424,0.68,0.775,agricultura_extensiva,0.577,0.092,10,MODIS,"RGB, NIR, SWIR",media
SAT_FRA_202309_067,Francia,Región Principal,2023-09-20,0.629,0.505,0.748,0.75,bosque,0.575,0.096,60,MODIS,"RGB, NIR, SWIR",alta
SAT_DEU_202310_068,Alemania,Región Principal,2023-10-20,0.889,0.742,1.085,1.047,bosque,0.774,0.129,10,MODIS,"RGB, NIR, SWIR",alta
SAT_FRA_202311_069,Francia,Región Principal,2023-11-05,0.406,0.311,0.463,0.484,mixto,0.486,0.112,15,Landsat 8,"RGB, NIR, SWIR",baja
SAT_AUS_202311_070,Australia,Murray-Darling Basin,2023-11-30,0.517,0.342,0.543,0.571,urbano,0.43,0.056,20,Sentinel-2,"RGB, NIR, SWIR",media
SAT_IND_202312_071,India,Ganges,2023-12-17,0.64,0.407,0.763,0.721,urbano,0.544,0.236,60,Sentinel-2,"RGB, NIR, SWIR",media
SAT_ARG_202401_072,Argentina,Cuyo,2024-01-04,0.647,0.538,0.722,0.828,agricultura_extensiva,0.645,0.28,30,Sentinel-2,"RGB, NIR, SWIR",baja
SAT_USA_202402_073,Estados Unidos,California,2024-02-01,0.366,0.263,0.402,0.466,urbano,0.248,0.216,15,Landsat 8,"RGB, NIR, SWIR",alta
SAT_USA_202402_074,Estados Unidos,Corn Belt,2024-02-18,0.53,0.351,0.662,0.664,agricultura_intensiva,0.527,0.057,15,MODIS,"RGB, NIR, SWIR",media
SAT_USA_202403_075,Estados Unidos,Great Plains,2024-03-08,0.685,0.495,0.729,0.754,mixto,0.558,0.267,30,Sentinel-2,"RGB, NIR, SWIR",media
SAT_FRA_202403_076,Francia,Región Principal,2024-03-20,0.576,0.364,0.65,0.704,bosque,0.497,0.171,10,Landsat 8,"RGB, NIR, SWIR",baja
SAT_BRA_202404_077,Brasil,Cerrado,2024-04-06,0.601,0.486,0.726,0.754,agricultura_extensiva,0.464,0.046,30,MODIS,"RGB, NIR, SWIR",baja
SAT_USA_202404_078,Estados Unidos,Pacific Northwest,2024-04-20,0.735,0.527,0.802,0.911,agricultura_intensiva,0.724,0.218,10,Sentinel-2,"RGB, NIR, SWIR",media
SAT_AUS_202405_079,Australia,Murray-Darling Basin,2024-05-09,0.878,0.624,0.958,0.971,ganaderia,0.616,0.114,60,Sentinel-2,"RGB, NIR, SWIR",alta
SAT_CHN_202406_080,China,Región Principal,2024-06-07,0.789,0.49,0.959,0.983,urbano,0.742,0.212,15,Sentinel-2,"RGB, NIR, SWIR",media
SAT_DEU_202406_081,Alemania,Región Principal,2024-06-17,0.834,0.577,0.904,1.072,bosque,0.726,0.111,30,Landsat 8,"RGB, NIR, SWIR",alta
SAT_IND_202406_082,India,Coastal,2024-06-28,0.657,0.478,0.819,0.776,urbano,0.654,0.243,20,Sentinel-2,"RGB, NIR, SWIR",baja
SAT_CHN_202407_083,China,Región Principal,2024-07-10,0.767,0.574,0.904,0.994,agricultura_extensiva,0.631,0.278,60,MODIS,"RGB, NIR, SWIR",media
SAT_CHN_202408_084,China,Región Principal,2024-08-07,0.764,0.633,0.88,0.889,agricultura_intensiva,0.777,0.186,20,Landsat 8,"RGB, NIR, SWIR",media
SAT_IND_202409_085,India,Ganges,2024-09-05,0.847,0.672,0.963,1.097,agricultura_extensiva,0.638,0.224,20,Sentinel-2,"RGB, NIR, SWIR",alta
SAT_BRA_202409_086,Brasil,Amazonía,2024-09-19,0.816,0.609,1.009,1.039,mixto,0.842,0.022,10,Sentinel-2,"RGB, NIR, SWIR",baja
SAT_FRA_202410_087,Francia,Región Principal,2024-10-08,0.675,0.406,0.719,0.876,urbano,0.535,0.222,15,Landsat 8,"RGB, NIR, SWIR",alta
SAT_CHN_202411_088,China,Región Principal,2024-11-05,0.42,0.339,0.519,0.525,agricultura_extensiva,0.302,0.215,30,Landsat 8,"RGB, NIR, SWIR",baja
SAT_USA_202412_089,Estados Unidos,Great Plains,2024-12-01,0.382,0.279,0.443,0.495,bosque,0.217,0.197,20,Landsat 8,"RGB, NIR, SWIR",media
SAT_ARG_202412_090,Argentina,Noroeste,2024-12-27,0.579,0.49,0.631,0.683,urbano,0.477,0.193,30,MODIS,"RGB, NIR, SWIR",baja
SAT_CHN_202501_091,China,Región Principal,2025-01-25,0.31,0.239,0.357,0.389,urbano,0.333,0.081,30,Landsat 8,"RGB, NIR, SWIR",baja
SAT_IND_202502_092,India,Punjab,2025-02-21,0.643,0.523,0.732,0.815,agricultura_extensiva,0.518,0.036,10,MODIS,"RGB, NIR, SWIR",alta
SAT_BRA_202503_093,Brasil,Pampas,2025-03-16,0.46,0.277,0.522,0.569,ganaderia,0.47,0.22,30,Sentinel-2,"RGB, NIR, SWIR",media
SAT_DEU_202504_094,Alemania,Región Principal,2025-04-10,0.698,0.551,0.857,0.804,ganaderia,0.43,0.29,30,Sentinel-2,"RGB, NIR, SWIR",alta
SAT_ARG_202504_095,Argentina,Noroeste,2025-04-20,0.757,0.518,0.914,0.877,bosque,0.843,0.257,10,Sentinel-2,"RGB, NIR, SWIR",alta
SAT_DEU_202505_096,Alemania,Región Principal,2025-05-13,0.677,0.424,0.734,0.848,ganaderia,0.658,0.078,60,MODIS,"RGB, NIR, SWIR",media
SAT_ARG_202506_097,Argentina,Cuyo,2025-06-01,0.841,0.679,0.916,0.927,bosque,0.874,0.299,15,Sentinel-2,"RGB, NIR, SWIR",media
SAT_BRA_202506_098,Brasil,Pampas,2025-06-12,0.606,0.401,0.66,0.685,mixto,0.489,0.281,15,MODIS,"RGB, NIR, SWIR",baja
SAT_ARG_202507_099,Argentina,Cuyo,2025-07-05,0.711,0.55,0.851,0.787,mixto,0.783,0.16,60,Sentinel-2,"RGB, NIR, SWIR",baja
SAT_IND_202507_100,India,Deccan,2025-07-17,0.867,0.523,1.044,1.057,urbano,0.62,0.182,60,Sentinel-2,"RGB, NIR, SWIR",alta
SAT_FRA_202508_101,Francia,Región Principal,2025-08-04,0.839,0.526,0.942,0.976,mixto,0.681,0.004,10,Sentinel-2,"RGB, NIR, SWIR",alta
SAT_DEU_202508_102,Alemania,Región Principal,2025-08-25,0.775,0.564,0.966,1.0,mixto,0.697,0.192,60,Sentinel-2,"RGB, NIR, SWIR",baja
SAT_FRA_202509_103,Francia,Región Principal,2025-09-04,0.642,0.543,0.674,0.79,urbano,0.585,0.081,10,Landsat 8,"RGB, NIR, SWIR",alta
SAT_USA_202509_104,Estados Unidos,California,2025-09-25,0.756,0.569,0.926,0.838,bosque,0.657,0.094,10,MODIS,"RGB, NIR, SWIR",baja
SAT_AUS_202510_105,Australia,Tasmania,2025-10-19,0.686,0.486,0.77,0.797,ganaderia,0.687,0.034,60,Sentinel-2,"RGB, NIR, SWIR",baja
SAT_USA_202511_106,Estados Unidos,Great Plains,2025-11-06,0.301,0.22,0.36,0.384,mixto,0.296,0.192,60,Sentinel-2,"RGB, NIR, SWIR",alta
SAT_DEU_202512_107,Alemania,Región Principal,2025-12-04,0.398,0.315,0.431,0.495,bosque,0.209,0.193,30,MODIS,"RGB, NIR, SWIR",baja
SAT_USA_202512_108,Estados Unidos,Pacific Northwest,2025-12-22,0.468,0.337,0.578,0.533,agricultura_extensiva,0.23,0.295,10,Sentinel-2,"RGB, NIR, SWIR",media
SAT_IND_202601_109,India,Punjab,2026-01-06,0.449,0.379,0.519,0.52,agricultura_intensiva,0.341,0.15,15,Sentinel-2,"RGB, NIR, SWIR",media
SAT_CHN_202601_110,China,Región Principal,2026-01-26,0.549,0.411,0.579,0.655,bosque,0.678,0.071,15,Landsat 8,"RGB, NIR, SWIR",baja
SAT_BRA_202602_111,Brasil,Pampas,2026-02-20,0.55,0.46,0.58,0.68,agricultura_extensiva,0.665,0.068,60,Landsat 8,"RGB, NIR, SWIR",alta
SAT_FRA_202603_112,Francia,Región Principal,2026-03-15,0.649,0.505,0.763,0.751,bosque,0.417,0.267,30,Sentinel-2,"RGB, NIR, SWIR",baja
SAT_CHN_202604_113,China,Región Principal,2026-04-04,0.788,0.561,0.906,1.023,ganaderia,0.661,0.157,60,MODIS,"RGB, NIR, SWIR",baja
SAT_AUS_202604_114,Australia,Wheatbelt,2026-04-15,0.739,0.456,0.862,0.899,ganaderia,0.748,0.017,20,MODIS,"RGB, NIR, SWIR",baja
SAT_DEU_202605_115,Alemania,Región Principal,2026-05-15,0.721,0.532,0.831,0.869,mixto,0.754,0.123,15,Landsat 8,"RGB, NIR, SWIR",baja
SAT_DEU_202606_116,Alemania,Región Principal,2026-06-09,0.645,0.483,0.765,0.796,agricultura_extensiva,0.434,0.189,10,MODIS,"RGB, NIR, SWIR",media
SAT_BRA_202606_117,Brasil,Amazonía,2026-06-21,0.879,0.669,1.017,1.1,urbano,0.716,0.197,60,Landsat 8,"RGB, NIR, SWIR",alta
SAT_AUS_202607_118,Australia,Murray-Darling Basin,2026-07-21,0.929,0.647,1.117,1.106,mixto,0.611,0.036,15,Landsat 8,"RGB, NIR, SWIR",media
SAT_USA_202608_119,Estados Unidos,Pacific Northwest,2026-08-04,0.838,0.69,0.918,0.995,urbano,0.753,0.279,20,MODIS,"RGB, NIR, SWIR",media
SAT_IND_202608_120,India,Deccan,2026-08-15,0.711,0.514,0.812,0.886,mixto,0.724,0.156,15,Landsat 8,"RGB, NIR, SWIR",media
SAT_AUS_202609_121,Australia,Murray-Darling Basin,2026-09-05,0.84,0.597,1.006,1.072,agricultura_extensiva,0.852,0.197,10,Sentinel-2,"RGB, NIR, SWIR",media
SAT_ARG_202609_122,Argentina,Patagonia,2026-09-25,0.732,0.605,0.821,0.894,urbano,0.628,0.144,15,MODIS,"RGB, NIR, SWIR",media
SAT_CHN_202610_123,China,Región Principal,2026-10-13,0.693,0.586,0.803,0.805,agricultura_intensiva,0.692,0.093,30,Landsat 8,"RGB, NIR, SWIR",baja
SAT_USA_202610_124,Estados Unidos,Great Plains,2026-10-26,0.893,0.713,1.09,1.003,agricultura_extensiva,0.72,0.297,30,MODIS,"RGB, NIR, SWIR",baja
SAT_ARG_202611_125,Argentina,Noroeste,2026-11-07,0.651,0.464,0.742,0.8,agricultura_intensiva,0.662,0.043,20,MODIS,"RGB, NIR, SWIR",media
SAT_DEU_202611_126,Alemania,Región Principal,2026-11-28,0.405,0.342,0.472,0.465,ganaderia,0.207,0.228,30,MODIS,"RGB, NIR, SWIR",media
SAT_ARG_202612_127,Argentina,Pampa Húmeda,2026-12-17,0.473,0.395,0.554,0.583,bosque,0.266,0.15,10,Sentinel-2,"RGB, NIR, SWIR",baja
SAT_FRA_202701_128,Francia,Región Principal,2027-01-11,0.583,0.373,0.718,0.653,urbano,0.444,0.132,30,MODIS,"RGB, NIR, SWIR",baja
SAT_ARG_202701_129,Argentina,Cuyo,2027-01-27,0.526,0.327,0.611,0.683,urbano,0.599,0.193,15,Landsat 8,"RGB, NIR, SWIR",alta
SAT_BRA_202702_130,Brasil,Pampas,2027-02-15,0.642,0.503,0.683,0.738,ganaderia,0.588,0.076,30,Sentinel-2,"RGB, NIR, SWIR",alta
SAT_IND_202703_131,India,Deccan,2027-03-11,0.417,0.29,0.477,0.487,ganaderia,0.317,0.218,60,Sentinel-2,"RGB, NIR, SWIR",baja
SAT_BRA_202703_132,Brasil,Pampas,2027-03-30,0.407,0.339,0.503,0.475,agricultura_intensiva,0.327,0.133,15,Landsat 8,"RGB, NIR, SWIR",alta
SAT_BRA_202704_133,Brasil,Pampas,2027-04-25,0.769,0.475,0.936,0.968,ganaderia,0.867,0.03,20,Sentinel-2,"RGB, NIR, SWIR",baja
SAT_DEU_202705_134,Alemania,Región Principal,2027-05-20,0.812,0.539,0.943,0.897,urbano,0.746,0.135,15,MODIS,"RGB, NIR, SWIR",baja
SAT_DEU_202706_135,Alemania,Región Principal,2027-06-03,0.799,0.679,0.995,1.016,agricultura_intensiva,0.844,0.127,20,MODIS,"RGB, NIR, SWIR",alta
SAT_DEU_202707_136,Alemania,Región Principal,2027-07-01,0.729,0.6,0.826,0.857,bosque,0.738,0.18,30,Sentinel-2,"RGB, NIR, SWIR",media
SAT_ARG_202707_137,Argentina,Cuyo,2027-07-13,0.949,0.747,1.171,1.05,ganaderia,0.652,0.285,15,Landsat 8,"RGB, NIR, SWIR",baja
SAT_CHN_202707_138,China,Región Principal,2027-07-30,0.718,0.608,0.858,0.86,bosque,0.766,0.267,60,MODIS,"RGB, NIR, SWIR",alta
SAT_AUS_202708_139,Australia,Tasmania,2027-08-12,0.854,0.582,1.005,0.989,ganaderia,0.844,0.036,60,Landsat 8,"RGB, NIR, SWIR",alta
SAT_FRA_202708_140,Francia,Región Principal,2027-08-29,0.814,0.662,1.003,1.028,bosque,0.865,0.042,10,Landsat 8,"RGB, NIR, SWIR",baja
SAT_IND_202709_141,India,Coastal,2027-09-20,0.825,0.574,0.878,1.057,mixto,0.835,0.107,30,MODIS,"RGB, NIR, SWIR",baja
SAT_FRA_202710_142,Francia,Región Principal,2027-10-10,0.792,0.571,0.901,0.878,ganaderia,0.844,0.09,15,MODIS,"RGB, NIR, SWIR",media
SAT_USA_202710_143,Estados Unidos,California,2027-10-20,0.703,0.55,0.876,0.809,ganaderia,0.834,0.278,60,Sentinel-2,"RGB, NIR, SWIR",media
SAT_USA_202711_144,Estados Unidos,Great Plains,2027-11-03,0.529,0.357,0.635,0.611,agricultura_extensiva,0.42,0.278,10,Sentinel-2,"RGB, NIR, SWIR",baja
SAT_CHN_202711_145,China,Región Principal,2027-11-28,0.36,0.224,0.396,0.438,mixto,0.337,0.155,20,Landsat 8,"RGB, NIR, SWIR",alta
SAT_ARG_202712_146,Argentina,Patagonia,2027-12-12,0.306,0.208,0.336,0.368,bosque,0.395,0.127,10,MODIS,"RGB, NIR, SWIR",baja
SAT_ARG_202801_147,Argentina,Pampa Húmeda,2028-01-02,0.34,0.263,0.39,0.38,agricultura_extensiva,0.226,0.062,10,Landsat 8,"RGB, NIR, SWIR",media
SAT_DEU_202801_148,Alemania,Región Principal,2028-01-19,0.514,0.33,0.55,0.622,agricultura_intensiva,0.546,0.165,10,Landsat 8,"RGB, NIR, SWIR",baja
SAT_FRA_202802_149,Francia,Región Principal,2028-02-10,0.42,0.287,0.48,0.533,agricultura_intensiva,0.322,0.164,15,Sentinel-2,"RGB, NIR, SWIR",baja
SAT_IND_202802_150,India,Punjab,2028-02-26,0.449,0.299,0.535,0.51,agricultura_extensiva,0.204,0.01,10,Landsat 8,"RGB, NIR, SWIR",baja
SAT_FRA_202803_151,Francia,Región Principal,2028-03-20,0.664,0.402,0.741,0.743,agricultura_extensiva,0.45,0.222,15,Landsat 8,"RGB, NIR, SWIR",media
SAT_AUS_202804_152,Australia,Murray-Darling Basin,2028-04-12,0.631,0.39,0.703,0.818,mixto,0.57,0.006,30,Sentinel-2,"RGB, NIR, SWIR",alta
SAT_USA_202804_153,Estados Unidos,Great Plains,2028-04-28,0.641,0.406,0.678,0.721,ganaderia,0.47,0.293,15,Landsat 8,"RGB, NIR, SWIR",media
SAT_USA_202805_154,Estados Unidos,Corn Belt,2028-05-20,0.629,0.481,0.737,0.718,agricultura_intensiva,0.655,0.034,60,Sentinel-2,"RGB, NIR, SWIR",alta
SAT_BRA_202806_155,Brasil,Amazonía,2028-06-06,0.668,0.43,0.726,0.764,bosque,0.687,0.035,15,MODIS,"RGB, NIR, SWIR",baja
SAT_FRA_202806_156,Francia,Región Principal,2028-06-24,0.804,0.549,0.879,1.013,agricultura_extensiva,0.75,0.09,60,Sentinel-2,"RGB, NIR, SWIR",media
SAT_USA_202807_157,Estados Unidos,California,2028-07-04,0.846,0.598,0.921,1.029,agricultura_extensiva,0.824,0.219,20,Landsat 8,"RGB, NIR, SWIR",media
SAT_AUS_202807_158,Australia,Wheatbelt,2028-07-28,0.769,0.572,0.906,0.882,ganaderia,0.653,0.142,30,Landsat 8,"RGB, NIR, SWIR",media
SAT_DEU_202808_159,Alemania,Región Principal,2028-08-12,0.793,0.542,0.967,1.024,ganaderia,0.746,0.269,20,Landsat 8,"RGB, NIR, SWIR",baja
SAT_ARG_202809_160,Argentina,Noroeste,2028-09-07,0.725,0.454,0.83,0.882,ganaderia,0.666,0.121,20,Landsat 8,"RGB, NIR, SWIR",media
SAT_CHN_202810_161,China,Región Principal,2028-10-01,0.73,0.496,0.801,0.906,agricultura_extensiva,0.768,0.21,30,Landsat 8,"RGB, NIR, SWIR",baja
SAT_FRA_202810_162,Francia,Región Principal,2028-10-29,0.646,0.42,0.796,0.749,bosque,0.548,0.178,20,Sentinel-2,"RGB, NIR, SWIR",alta
SAT_AUS_202811_163,Australia,Tasmania,2028-11-13,0.68,0.535,0.789,0.838,agricultura_extensiva,0.497,0.064,30,MODIS,"RGB, NIR, SWIR",media
SAT_DEU_202812_164,Alemania,Región Principal,2028-12-09,0.568,0.344,0.685,0.688,bosque,0.619,0.044,60,MODIS,"RGB, NIR, SWIR",alta
SAT_BRA_202901_165,Brasil,Pampas,2029-01-07,0.338,0.276,0.401,0.425,mixto,0.225,0.118,15,MODIS,"RGB, NIR, SWIR",media
SAT_ARG_202901_166,Argentina,Cuyo,2029-01-19,0.309,0.248,0.354,0.388,bosque,0.218,0.207,10,Landsat 8,"RGB, NIR, SWIR",media
SAT_DEU_202902_167,Alemania,Región Principal,2029-02-15,0.684,0.565,0.72,0.78,agricultura_extensiva,0.516,0.083,15,Landsat 8,"RGB, NIR, SWIR",media
SAT_IND_202903_168,India,Deccan,2029-03-09,0.613,0.436,0.666,0.745,urbano,0.483,0.043,15,Sentinel-2,"RGB, NIR, SWIR",baja
SAT_FRA_202903_169,Francia,Región Principal,2029-03-28,0.382,0.307,0.447,0.486,bosque,0.242,0.279,60,MODIS,"RGB, NIR, SWIR",media
SAT_IND_202904_170,India,Coastal,2029-04-07,0.846,0.563,1.032,1.039,agricultura_intensiva,0.898,0.033,30,MODIS,"RGB, NIR, SWIR",media
SAT_AUS_202905_171,Australia,Murray-Darling Basin,2029-05-05,0.786,0.56,0.931,0.899,bosque,0.805,0.165,15,MODIS,"RGB, NIR, SWIR",alta
SAT_BRA_202905_172,Brasil,Pampas,2029-05-16,0.632,0.435,0.762,0.727,agricultura_intensiva,0.434,0.233,60,Sentinel-2,"RGB, NIR, SWIR",baja
SAT_ARG_202906_173,Argentina,Pampa Húmeda,2029-06-13,0.658,0.433,0.819,0.834,agricultura_extensiva,0.543,0.2,15,MODIS,"RGB, NIR, SWIR",media
SAT_BRA_202907_174,Brasil,Mata Atlántica,2029-07-10,0.711,0.527,0.86,0.793,ganaderia,0.627,0.019,30,Sentinel-2,"RGB, NIR, SWIR",baja
SAT_ARG_202907_175,Argentina,Pampa Húmeda,2029-07-26,0.948,0.785,1.013,1.167,bosque,0.603,0.085,60,MODIS,"RGB, NIR, SWIR",baja
SAT_ARG_202908_176,Argentina,Pampa Húmeda,2029-08-07,0.912,0.697,1.126,1.164,agricultura_intensiva,0.645,0.169,30,Landsat 8,"RGB, NIR, SWIR",media
SAT_ARG_202909_177,Argentina,Pampa Húmeda,2029-09-03,0.863,0.648,0.949,0.984,agricultura_extensiva,0.637,0.254,60,MODIS,"RGB, NIR, SWIR",media
SAT_CHN_202909_178,China,Región Principal,2029-09-22,0.899,0.586,0.979,1.166,bosque,0.618,0.143,10,Sentinel-2,"RGB, NIR, SWIR",baja
SAT_IND_202910_179,India,Coastal,2029-10-05,0.618,0.421,0.708,0.694,urbano,0.665,0.237,15,MODIS,"RGB, NIR, SWIR",alta
SAT_CHN_202911_180,China,Región Principal,2029-11-02,0.699,0.472,0.798,0.846,agricultura_intensiva,0.448,0.28,10,Sentinel-2,"RGB, NIR, SWIR",alta
SAT_USA_202911_181,Estados Unidos,Pacific Northwest,2029-11-15,0.64,0.432,0.69,0.824,bosque,0.68,0.023,15,Sentinel-2,"RGB, NIR, SWIR",media
SAT_FRA_202912_182,Francia,Región Principal,2029-12-11,0.452,0.369,0.492,0.505,agricultura_intensiva,0.272,0.237,30,Sentinel-2,"RGB, NIR, SWIR",baja
SAT_DEU_202912_183,Alemania,Región Principal,2029-12-24,0.613,0.521,0.664,0.782,urbano,0.446,0.105,10,MODIS,"RGB, NIR, SWIR",alta
SAT_FRA_203001_184,Francia,Región Principal,2030-01-05,0.433,0.304,0.512,0.523,urbano,0.256,0.02,20,Sentinel-2,"RGB, NIR, SWIR",alta
SAT_USA_203001_185,Estados Unidos,Pacific Northwest,2030-01-25,0.596,0.491,0.626,0.752,urbano,0.509,0.146,30,MODIS,"RGB, NIR, SWIR",baja
SAT_CHN_203002_186,China,Región Principal,2030-02-23,0.47,0.353,0.542,0.552,mixto,0.266,0.018,60,MODIS,"RGB, NIR, SWIR",baja
SAT_DEU_203003_187,Alemania,Región Principal,2030-03-15,0.439,0.336,0.496,0.561,ganaderia,0.309,0.151,15,Sentinel-2,"RGB, NIR, SWIR",baja
SAT_AUS_203003_188,Australia,Wheatbelt,2030-03-27,0.456,0.289,0.538,0.581,bosque,0.31,0.078,30,Landsat 8,"RGB, NIR, SWIR",baja
SAT_BRA_203004_189,Brasil,Mata Atlántica,2030-04-07,0.858,0.655,0.948,1.031,agricultura_extensiva,0.602,0.246,30,Landsat 8,"RGB, NIR, SWIR",media
SAT_AUS_203004_190,Australia,Murray-Darling Basin,2030-04-18,0.863,0.519,1.016,1.065,bosque,0.723,0.18,10,Sentinel-2,"RGB, NIR, SWIR",alta
SAT_USA_203005_191,Estados Unidos,Corn Belt,2030-05-15,0.742,0.476,0.853,0.913,agricultura_intensiva,0.637,0.261,15,Landsat 8,"RGB, NIR, SWIR",alta
SAT_USA_203006_192,Estados Unidos,Great Plains,2030-06-11,0.652,0.417,0.687,0.786,ganaderia,0.541,0.26,20,MODIS,"RGB, NIR, SWIR",baja
SAT_CHN_203007_193,China,Región Principal,2030-07-10,0.7,0.436,0.837,0.787,mixto,0.68,0.182,20,Landsat 8,"RGB, NIR, SWIR",baja
SAT_IND_203007_194,India,Deccan,2030-07-23,0.867,0.699,1.074,1.117,ganaderia,0.658,0.29,15,Landsat 8,"RGB, NIR, SWIR",baja
SAT_USA_203008_195,Estados Unidos,Corn Belt,2030-08-18,0.898,0.637,0.964,1.076,urbano,0.881,0.108,10,MODIS,"RGB, NIR, SWIR",media
SAT_IND_203009_196,India,Punjab,2030-09-13,0.638,0.469,0.779,0.739,agricultura_intensiva,0.668,0.031,20,Landsat 8,"RGB, NIR, SWIR",media
SAT_FRA_203009_197,Francia,Región Principal,2030-09-25,0.836,0.608,1.029,0.988,urbano,0.679,0.141,30,Sentinel-2,"RGB, NIR, SWIR",baja
SAT_USA_203010_198,Estados Unidos,Corn Belt,2030-10-25,0.653,0.496,0.773,0.817,mixto,0.467,0.116,30,MODIS,"RGB, NIR, SWIR",baja
SAT_IND_203011_199,India,Coastal,2030-11-04,0.523,0.415,0.619,0.652,agricultura_intensiva,0.467,0.198,30,Sentinel-2,"RGB, NIR, SWIR",alta
SAT_ARG_203011_200,Argentina,Patagonia,2030-11-26,0.626,0.462,0.777,0.727,bosque,0.635,0.178,10,MODIS,"RGB, NIR, SWIR",media
SAT_ARG_203012_201,Argentina,Noroeste,2030-12-11,0.541,0.383,0.637,0.651,urbano,0.489,0.268,60,Sentinel-2,"RGB, NIR, SWIR",alta
SAT_BRA_203101_202,Brasil,Cerrado,2031-01-02,0.455,0.321,0.5,0.582,bosque,0.427,0.111,10,Sentinel-2,"RGB, NIR, SWIR",media
SAT_AUS_203101_203,Australia,Tasmania,2031-01-16,0.337,0.221,0.399,0.375,agricultura_intensiva,0.29,0.27,20,Landsat 8,"RGB, NIR, SWIR",baja
SAT_CHN_203101_204,China,Región Principal,2031-01-26,0.492,0.344,0.576,0.567,urbano,0.384,0.119,30,Sentinel-2,"RGB, NIR, SWIR",alta
SAT_ARG_203102_205,Argentina,Patagonia,2031-02-15,0.57,0.376,0.615,0.628,ganaderia,0.452,0.09,10,Sentinel-2,"RGB, NIR, SWIR",alta
SAT_USA_203103_206,Estados Unidos,California,2031-03-11,0.344,0.235,0.378,0.402,bosque,0.38,0.098,30,Sentinel-2,"RGB, NIR, SWIR",baja
SAT_DEU_203103_207,Alemania,Región Principal,2031-03-21,0.634,0.469,0.713,0.705,agricultura_extensiva,0.483,0.111,15,Landsat 8,"RGB, NIR, SWIR",baja
SAT_FRA_203104_208,Francia,Región Principal,2031-04-04,0.708,0.589,0.863,0.798,ganaderia,0.792,0.276,30,Landsat 8,"RGB, NIR, SWIR",alta
SAT_ARG_203104_209,Argentina,Cuyo,2031-04-22,0.782,0.546,0.962,0.884,urbano,0.785,0.027,30,Sentinel-2,"RGB, NIR, SWIR",alta
SAT_USA_203105_210,Estados Unidos,Great Plains,2031-05-21,0.608,0.378,0.695,0.698,agricultura_extensiva,0.672,0.108,15,Sentinel-2,"RGB, NIR, SWIR",media
SAT_IND_203106_211,India,Coastal,2031-06-19,0.858,0.693,0.968,1.11,agricultura_extensiva,0.846,0.225,10,Landsat 8,"RGB, NIR, SWIR",baja
SAT_ARG_203107_212,Argentina,Patagonia,2031-07-04,0.833,0.695,0.934,1.028,agricultura_extensiva,0.645,0.125,10,Landsat 8,"RGB, NIR, SWIR",baja
SAT_IND_203107_213,India,Ganges,2031-07-21,0.793,0.521,0.929,0.975,agricultura_intensiva,0.781,0.001,15,MODIS,"RGB, NIR, SWIR",baja
SAT_FRA_203108_214,Francia,Región Principal,2031-08-20,0.725,0.461,0.883,0.899,bosque,0.815,0.203,10,MODIS,"RGB, NIR, SWIR",baja
SAT_FRA_203109_215,Francia,Región Principal,2031-09-10,0.601,0.428,0.751,0.754,agricultura_extensiva,0.468,0.086,15,Landsat 8,"RGB, NIR, SWIR",baja
SAT_BRA_203109_216,Brasil,Pampas,2031-09-27,0.795,0.57,0.981,0.935,mixto,0.831,0.085,30,MODIS,"RGB, NIR, SWIR",media
SAT_AUS_203110_217,Australia,Murray-Darling Basin,2031-10-14,0.835,0.526,0.926,1.071,ganaderia,0.659,0.184,10,MODIS,"RGB, NIR, SWIR",media
SAT_DEU_203111_218,Alemania,Región Principal,2031-11-08,0.585,0.4,0.654,0.692,urbano,0.541,0.269,15,Landsat 8,"RGB, NIR, SWIR",baja
SAT_BRA_203111_219,Brasil,Mata Atlántica,2031-11-23,0.491,0.301,0.58,0.564,urbano,0.387,0.047,10,Sentinel-2,"RGB, NIR, SWIR",media
SAT_AUS_203112_220,Australia,Murray-Darling Basin,2031-12-23,0.455,0.367,0.535,0.518,agricultura_extensiva,0.301,0.041,30,Landsat 8,"RGB, NIR, SWIR",baja
SAT_USA_203201_221,Estados Unidos,Corn Belt,2032-01-13,0.648,0.45,0.762,0.766,urbano,0.485,0.154,30,Landsat 8,"RGB, NIR, SWIR",alta
SAT_USA_203202_222,Estados Unidos,California,2032-02-01,0.377,0.23,0.467,0.483,agricultura_extensiva,0.336,0.101,60,MODIS,"RGB, NIR, SWIR",baja
SAT_IND_203202_223,India,Punjab,2032-02-15,0.383,0.255,0.428,0.45,urbano,0.388,0.255,15,Landsat 8,"RGB, NIR, SWIR",media
SAT_CHN_203203_224,China,Región Principal,2032-03-13,0.496,0.367,0.601,0.634,bosque,0.324,0.171,20,Landsat 8,"RGB, NIR, SWIR",baja
SAT_ARG_203203_225,Argentina,Pampa Húmeda,2032-03-27,0.339,0.227,0.415,0.402,bosque,0.441,0.049,20,Landsat 8,"RGB, NIR, SWIR",media
SAT_IND_203204_226,India,Deccan,2032-04-20,0.619,0.394,0.673,0.8,ganaderia,0.495,0.104,15,Sentinel-2,"RGB, NIR, SWIR",media
SAT_FRA_203205_227,Francia,Región Principal,2032-05-12,0.784,0.662,0.864,0.888,bosque,0.753,0.177,20,MODIS,"RGB, NIR, SWIR",media
SAT_BRA_203206_228,Brasil,Cerrado,2032-06-02,0.692,0.523,0.77,0.819,bosque,0.574,0.291,30,MODIS,"RGB, NIR, SWIR",media
SAT_USA_203206_229,Estados Unidos,Corn Belt,2032-06-15,0.86,0.681,1.032,1.108,bosque,0.813,0.054,20,MODIS,"RGB, NIR, SWIR",alta
SAT_AUS_203207_230,Australia,Wheatbelt,2032-07-14,0.764,0.626,0.935,0.908,agricultura_intensiva,0.639,0.033,20,Landsat 8,"RGB, NIR, SWIR",alta
SAT_IND_203207_231,India,Deccan,2032-07-28,0.923,0.66,1.151,1.15,urbano,0.88,0.21,10,Sentinel-2,"RGB, NIR, SWIR",media
SAT_AUS_203208_232,Australia,Wheatbelt,2032-08-22,0.793,0.647,0.879,0.909,urbano,0.616,0.007,60,MODIS,"RGB, NIR, SWIR",alta
SAT_CHN_203209_233,China,Región Principal,2032-09-03,0.767,0.621,0.95,0.942,agricultura_extensiva,0.832,0.058,15,MODIS,"RGB, NIR, SWIR",alta
SAT_CHN_203210_234,China,Región Principal,2032-10-01,0.619,0.514,0.711,0.732,urbano,0.534,0.119,15,MODIS,"RGB, NIR, SWIR",alta
SAT_DEU_203210_235,Alemania,Región Principal,2032-10-27,0.601,0.371,0.648,0.667,agricultura_extensiva,0.408,0.285,60,Sentinel-2,"RGB, NIR, SWIR",baja
SAT_USA_203211_236,Estados Unidos,Pacific Northwest,2032-11-14,0.627,0.497,0.767,0.743,agricultura_extensiva,0.461,0.226,30,MODIS,"RGB, NIR, SWIR",baja
SAT_ARG_203212_237,Argentina,Cuyo,2032-12-06,0.675,0.522,0.791,0.837,bosque,0.617,0.191,30,Landsat 8,"RGB, NIR, SWIR",media
SAT_CHN_203301_238,China,Región Principal,2033-01-05,0.656,0.538,0.768,0.777,agricultura_intensiva,0.569,0.111,60,MODIS,"RGB, NIR, SWIR",alta
SAT_IND_203301_239,India,Ganges,2033-01-18,0.405,0.28,0.495,0.512,mixto,0.479,0.112,10,Landsat 8,"RGB, NIR, SWIR",alta
SAT_CHN_203302_240,China,Región Principal,2033-02-07,0.344,0.236,0.423,0.382,urbano,0.407,0.213,10,Landsat 8,"RGB, NIR, SWIR",baja
SAT_ARG_203303_241,Argentina,Patagonia,2033-03-05,0.402,0.248,0.445,0.473,ganaderia,0.273,0.105,60,Sentinel-2,"RGB, NIR, SWIR",alta
SAT_FRA_203303_242,Francia,Región Principal,2033-03-21,0.509,0.389,0.562,0.592,urbano,0.465,0.093,60,Landsat 8,"RGB, NIR, SWIR",alta
SAT_ARG_203304_243,Argentina,Pampa Húmeda,2033-04-01,0.877,0.639,0.976,1.107,ganaderia,0.734,0.146,60,Sentinel-2,"RGB, NIR, SWIR",alta
SAT_ARG_203304_244,Argentina,Cuyo,2033-04-13,0.867,0.691,1.024,1.05,bosque,0.869,0.158,15,Sentinel-2,"RGB, NIR, SWIR",baja
SAT_DEU_203304_245,Alemania,Región Principal,2033-04-26,0.632,0.461,0.713,0.767,mixto,0.693,0.034,30,Sentinel-2,"RGB, NIR, SWIR",media
SAT_IND_203305_246,India,Ganges,2033-05-17,0.648,0.399,0.793,0.838,urbano,0.496,0.008,60,Landsat 8,"RGB, NIR, SWIR",media
SAT_CHN_203306_247,China,Región Principal,2033-06-02,0.793,0.489,0.888,0.931,ganaderia,0.732,0.045,20,Landsat 8,"RGB, NIR, SWIR",alta
SAT_USA_203306_248,Estados Unidos,California,2033-06-30,0.648,0.453,0.699,0.756,bosque,0.672,0.21,10,Landsat 8,"RGB, NIR, SWIR",baja
SAT_CHN_203307_249,China,Región Principal,2033-07-20,0.807,0.582,0.988,0.889,agricultura_intensiva,0.844,0.233,60,Sentinel-2,"RGB, NIR, SWIR",alta
