fecha,pais,producto,precio_usd_ton,volumen_operado_ton,tendencia_30_dias,mercado_principal,precio_min_mes,precio_max_mes,anio_precio,mes_precio,dia_precio
2021-01-01,Argentina,Carne_bovina,4299.14,127922,subiendo,UE,3844.74,4517.42,2021,1,1
2021-01-01,Argentina,Arroz,330.04,73231,subiendo,Sudeste Asiático,310.1,359.86,2021,1,1
2021-01-01,Argentina,Maíz,210.36,11666,bajando,Japón,200.56,238.83,2021,1,1
2021-01-01,Brasil,Maíz,212.91,195579,subiendo,Oriente Medio,200.25,243.04,2021,1,1
2021-01-01,Brasil,Leche,356.41,136137,subiendo,UE,348.39,390.03,2021,1,1
2021-01-01,Brasil,Carne_bovina,3814.98,481129,subiendo,Japón,3608.48,4254.53,2021,1,1
2021-01-01,Estados Unidos,Soja,441.84,396901,bajando,Japón,411.1,452.49,2021,1,1
2021-01-01,Estados Unidos,Leche,364.17,242226,estable,México,349.06,391.9,2021,1,1
2021-01-01,Estados Unidos,Carne_porcina,2658.92,133397,bajando,Oriente Medio,2262.72,2841.56,2021,1,1
2021-01-01,India,Carne_bovina,3804.43,65518,subiendo,Estados Unidos,3439.04,4095.47,2021,1,1
2021-01-01,India,Soja,484.63,146383,estable,África,467.78,504.24,2021,1,1
2021-01-01,India,Arroz,377.08,66514,bajando,Oriente Medio,328.96,425.64,2021,1,1
2021-01-01,China,Arroz,310.6,434520,subiendo,Japón,280.39,331.97,2021,1,1
2021-01-01,China,Trigo,315.7,354822,subiendo,Estados Unidos,305.32,331.45,2021,1,1
2021-01-01,China,Carne_porcina,2710.47,109330,estable,Sudeste Asiático,2442.94,2993.59,2021,1,1
2021-01-01,Francia,Carne_porcina,2110.17,16191,subiendo,Japón,2042.73,2291.84,2021,1,1
2021-01-01,Francia,Leche,366.84,16826,estable,UE,327.99,399.81,2021,1,1
2021-01-01,Francia,Soja,447.51,9924,subiendo,China,405.27,505.93,2021,1,1
2021-01-01,Alemania,Soja,478.49,10687,estable,Sudeste Asiático,411.16,532.91,2021,1,1
2021-01-01,Alemania,Leche,356.05,22092,bajando,Estados Unidos,334.17,409.12,2021,1,1
2021-01-01,Alemania,Carne_porcina,2188.97,1755,subiendo,China,2106.17,2438.51,2021,1,1
2021-01-01,Australia,Maíz,220.02,31250,subiendo,Japón,200.77,247.46,2021,1,1
2021-01-01,Australia,Trigo,303.43,107396,subiendo,China,286.28,348.48,2021,1,1
2021-01-01,Australia,Soja,477.94,142125,estable,México,453.0,503.7,2021,1,1
2021-01-01,México,Maíz,203.23,32246,bajando,Sudeste Asiático,186.54,227.59,2021,1,1
2021-01-01,México,Carne_bovina,3865.69,19938,estable,China,3443.69,4178.64,2021,1,1
2021-01-01,México,Soja,485.88,3893,estable,China,413.17,512.1,2021,1,1
2021-01-01,Kenia,Soja,471.63,48441,estable,México,433.38,505.91,2021,1,1
2021-01-01,Kenia,Arroz,331.5,10782,bajando,Japón,324.47,354.06,2021,1,1
2021-01-01,Kenia,Trigo,237.85,12156,estable,Oriente Medio,224.73,259.69,2021,1,1
2021-01-01,Nueva Zelanda,Maíz,161.27,27881,estable,Sudeste Asiático,150.03,180.98,2021,1,1
2021-01-01,Nueva Zelanda,Carne_porcina,2244.18,42696,estable,Estados Unidos,1944.24,2306.77,2021,1,1
2021-01-01,Nueva Zelanda,Arroz,385.7,26668,bajando,UE,372.48,439.3,2021,1,1
2021-01-01,España,Carne_porcina,2405.94,43190,subiendo,Sudeste Asiático,2200.95,2745.22,2021,1,1
2021-01-01,España,Maíz,192.24,13300,estable,UE,173.39,202.14,2021,1,1
2021-01-01,España,Trigo,293.58,27219,estable,México,277.25,319.36,2021,1,1
2021-02-15,Argentina,Carne_porcina,2266.81,73626,bajando,Estados Unidos,2035.31,2525.86,2021,2,15
2021-02-15,Argentina,Leche,327.52,91155,bajando,UE,298.06,335.81,2021,2,15
2021-02-15,Argentina,Trigo,300.19,112204,subiendo,África,292.08,320.78,2021,2,15
2021-02-15,Brasil,Trigo,270.55,404288,bajando,África,249.08,282.53,2021,2,15
2021-02-15,Brasil,Maíz,186.91,432335,subiendo,UE,170.29,198.13,2021,2,15
2021-02-15,Brasil,Soja,550.82,318949,estable,China,523.48,614.16,2021,2,15
2021-02-15,Estados Unidos,Trigo,314.19,485376,bajando,África,296.69,325.96,2021,2,15
2021-02-15,Estados Unidos,Soja,515.56,403201,estable,África,440.74,571.91,2021,2,15
2021-02-15,Estados Unidos,Carne_bovina,3820.68,175208,subiendo,Japón,3351.36,4277.08,2021,2,15
2021-02-15,India,Trigo,259.39,42028,bajando,Japón,247.69,291.76,2021,2,15
2021-02-15,India,Soja,453.83,129208,estable,Sudeste Asiático,428.3,509.35,2021,2,15
2021-02-15,India,Carne_bovina,3992.02,62066,subiendo,UE,3720.62,4174.61,2021,2,15
2021-02-15,China,Soja,543.1,70557,bajando,China,512.71,621.48,2021,2,15
2021-02-15,China,Leche,367.44,314705,bajando,África,359.68,379.34,2021,2,15
2021-02-15,China,Arroz,393.24,458374,estable,China,334.8,410.56,2021,2,15
2021-02-15,Francia,Leche,336.57,28198,subiendo,Estados Unidos,322.74,366.23,2021,2,15
2021-02-15,Francia,Maíz,171.34,22879,bajando,Sudeste Asiático,151.52,181.09,2021,2,15
2021-02-15,Francia,Carne_porcina,2514.74,48499,bajando,China,2425.96,2787.38,2021,2,15
2021-02-15,Alemania,Arroz,340.84,4797,subiendo,México,316.47,383.48,2021,2,15
2021-02-15,Alemania,Trigo,338.65,38685,bajando,UE,311.6,355.37,2021,2,15
2021-02-15,Alemania,Carne_bovina,3822.36,2728,estable,Estados Unidos,3624.93,4101.19,2021,2,15
2021-02-15,Australia,Soja,548.01,142606,subiendo,UE,482.91,578.56,2021,2,15
2021-02-15,Australia,Carne_porcina,2204.81,76885,subiendo,México,1911.36,2402.56,2021,2,15
2021-02-15,Australia,Leche,336.82,106163,estable,China,320.37,358.34,2021,2,15
2021-02-15,México,Arroz,351.91,4038,estable,UE,304.45,364.84,2021,2,15
2021-02-15,México,Leche,328.34,3762,subiendo,China,301.3,343.58,2021,2,15
2021-02-15,México,Carne_porcina,2525.21,6792,subiendo,Oriente Medio,2196.98,2725.29,2021,2,15
2021-02-15,Kenia,Trigo,237.88,15326,bajando,África,213.2,267.91,2021,2,15
2021-02-15,Kenia,Carne_porcina,2322.99,38489,subiendo,Sudeste Asiático,2163.7,2515.99,2021,2,15
2021-02-15,Kenia,Soja,529.77,10345,estable,Japón,518.07,597.62,2021,2,15
2021-02-15,Nueva Zelanda,Trigo,244.45,37341,subiendo,Sudeste Asiático,232.57,260.22,2021,2,15
2021-02-15,Nueva Zelanda,Carne_porcina,2438.41,37063,estable,Estados Unidos,2201.81,2554.37,2021,2,15
2021-02-15,Nueva Zelanda,Maíz,207.08,9135,subiendo,UE,193.97,223.37,2021,2,15
2021-02-15,España,Carne_porcina,2597.55,37992,estable,UE,2479.18,2746.0,2021,2,15
2021-02-15,España,Maíz,163.24,30694,bajando,Estados Unidos,147.31,179.2,2021,2,15
2021-02-15,España,Carne_bovina,4214.07,28573,estable,Oriente Medio,4058.34,4658.15,2021,2,15
2021-03-15,Argentina,Leche,385.17,129590,subiendo,México,334.66,432.1,2021,3,15
2021-03-15,Argentina,Carne_bovina,4235.11,75064,subiendo,África,3911.1,4481.91,2021,3,15
2021-03-15,Argentina,Carne_porcina,2855.22,60974,subiendo,Japón,2467.15,3223.81,2021,3,15
2021-03-15,Brasil,Leche,387.91,275378,bajando,China,350.29,430.96,2021,3,15
2021-03-15,Brasil,Soja,570.51,258663,estable,UE,518.84,612.9,2021,3,15
2021-03-15,Brasil,Trigo,358.14,141181,estable,Japón,318.83,409.21,2021,3,15
2021-03-15,Estados Unidos,Carne_porcina,2550.47,397363,estable,África,2383.48,2899.4,2021,3,15
2021-03-15,Estados Unidos,Soja,526.84,344205,subiendo,México,504.52,598.83,2021,3,15
2021-03-15,Estados Unidos,Carne_bovina,4651.25,111763,subiendo,Oriente Medio,4159.95,5076.38,2021,3,15
2021-03-15,India,Leche,355.78,48433,bajando,México,306.74,388.37,2021,3,15
2021-03-15,India,Soja,509.62,29085,subiendo,China,470.39,573.39,2021,3,15
2021-03-15,India,Arroz,345.89,48198,subiendo,África,319.7,396.89,2021,3,15
2021-03-15,China,Leche,391.25,259018,estable,Estados Unidos,344.8,439.57,2021,3,15
2021-03-15,China,Maíz,193.62,378225,subiendo,China,185.53,201.62,2021,3,15
2021-03-15,China,Trigo,310.94,400075,estable,Oriente Medio,288.57,353.83,2021,3,15
2021-03-15,Francia,Arroz,354.51,26374,estable,Japón,304.79,392.4,2021,3,15
2021-03-15,Francia,Maíz,218.91,2670,subiendo,UE,196.75,224.88,2021,3,15
2021-03-15,Francia,Carne_porcina,2476.37,42278,estable,UE,2381.07,2629.36,2021,3,15
2021-03-15,Alemania,Arroz,386.02,39172,bajando,Oriente Medio,359.58,396.26,2021,3,15
2021-03-15,Alemania,Leche,359.22,18702,subiendo,Sudeste Asiático,325.92,394.37,2021,3,15
2021-03-15,Alemania,Soja,466.79,30427,subiendo,Oriente Medio,443.07,501.11,2021,3,15
2021-03-15,Australia,Soja,497.38,34135,estable,Sudeste Asiático,469.65,560.74,2021,3,15
2021-03-15,Australia,Carne_bovina,4648.4,52197,estable,UE,4415.91,4900.63,2021,3,15
2021-03-15,Australia,Leche,354.83,149863,bajando,UE,346.36,371.08,2021,3,15
2021-03-15,México,Arroz,416.05,21591,bajando,Estados Unidos,364.6,473.91,2021,3,15
2021-03-15,México,Soja,497.96,6187,bajando,China,436.53,572.4,2021,3,15
2021-03-15,México,Maíz,236.06,6150,estable,Estados Unidos,200.67,244.24,2021,3,15
2021-03-15,Kenia,Leche,401.4,21824,subiendo,Sudeste Asiático,367.06,439.36,2021,3,15
2021-03-15,Kenia,Arroz,328.36,15303,bajando,UE,317.16,358.2,2021,3,15
2021-03-15,Kenia,Soja,495.39,48578,subiendo,África,424.16,560.95,2021,3,15
2021-03-15,Nueva Zelanda,Trigo,338.52,19048,bajando,China,298.15,354.3,2021,3,15
2021-03-15,Nueva Zelanda,Carne_bovina,3706.61,31828,estable,UE,3597.63,4216.84,2021,3,15
2021-03-15,Nueva Zelanda,Maíz,219.81,34645,subiendo,Estados Unidos,188.98,248.03,2021,3,15
2021-03-15,España,Carne_porcina,2800.57,12953,subiendo,Japón,2475.54,3195.38,2021,3,15
2021-03-15,España,Maíz,202.2,23291,estable,Sudeste Asiático,192.48,224.29,2021,3,15
2021-03-15,España,Arroz,367.67,16180,estable,Japón,354.42,415.56,2021,3,15
2021-04-15,Argentina,Soja,489.39,127871,estable,China,447.33,543.89,2021,4,15
2021-04-15,Argentina,Carne_bovina,4211.83,115586,estable,UE,3828.41,4679.41,2021,4,15
2021-04-15,Argentina,Trigo,315.75,71852,bajando,Estados Unidos,303.69,322.7,2021,4,15
2021-04-15,Brasil,Leche,338.84,490758,subiendo,Estados Unidos,297.88,361.01,2021,4,15
2021-04-15,Brasil,Maíz,202.63,256232,estable,África,172.63,215.51,2021,4,15
2021-04-15,Brasil,Arroz,419.02,410053,bajando,Oriente Medio,387.18,467.3,2021,4,15
2021-04-15,Estados Unidos,Carne_bovina,3859.2,221647,estable,Oriente Medio,3766.42,4315.15,2021,4,15
2021-04-15,Estados Unidos,Carne_porcina,2819.17,330105,estable,México,2482.5,3104.03,2021,4,15
2021-04-15,Estados Unidos,Soja,539.11,58475,subiendo,Estados Unidos,520.77,552.54,2021,4,15
2021-04-15,India,Trigo,315.73,123547,estable,México,289.2,334.03,2021,4,15
2021-04-15,India,Maíz,192.45,98531,estable,UE,179.77,203.39,2021,4,15
2021-04-15,India,Carne_bovina,4095.63,130031,subiendo,Sudeste Asiático,3530.09,4669.32,2021,4,15
2021-04-15,China,Soja,504.39,332732,estable,Estados Unidos,430.45,554.85,2021,4,15
2021-04-15,China,Carne_bovina,4114.43,371925,subiendo,Sudeste Asiático,3761.97,4481.38,2021,4,15
2021-04-15,China,Arroz,332.51,376967,estable,Oriente Medio,304.49,370.22,2021,4,15
2021-04-15,Francia,Soja,491.61,3502,estable,África,461.42,501.48,2021,4,15
2021-04-15,Francia,Leche,375.72,16563,bajando,China,353.34,426.37,2021,4,15
2021-04-15,Francia,Trigo,343.13,26569,bajando,África,322.25,375.38,2021,4,15
2021-04-15,Alemania,Maíz,195.38,12528,estable,África,187.72,206.1,2021,4,15
2021-04-15,Alemania,Carne_porcina,2408.09,31191,estable,Oriente Medio,2108.27,2566.77,2021,4,15
2021-04-15,Alemania,Leche,363.3,42831,subiendo,Estados Unidos,341.09,405.48,2021,4,15
2021-04-15,Australia,Leche,360.08,61004,estable,UE,321.99,374.98,2021,4,15
2021-04-15,Australia,Trigo,267.86,95951,subiendo,África,252.83,305.67,2021,4,15
2021-04-15,Australia,Arroz,357.5,111994,subiendo,Estados Unidos,322.63,392.03,2021,4,15
2021-04-15,México,Leche,356.42,45986,bajando,UE,313.32,409.49,2021,4,15
2021-04-15,México,Carne_porcina,2587.29,26638,bajando,África,2207.83,2856.26,2021,4,15
2021-04-15,México,Soja,549.2,37613,bajando,China,510.37,614.16,2021,4,15
2021-04-15,Kenia,Leche,359.93,13724,bajando,UE,347.01,408.95,2021,4,15
2021-04-15,Kenia,Carne_porcina,2558.81,8418,bajando,Sudeste Asiático,2229.81,2676.23,2021,4,15
2021-04-15,Kenia,Trigo,335.98,16467,bajando,China,289.34,358.61,2021,4,15
2021-04-15,Nueva Zelanda,Arroz,343.86,22415,bajando,Japón,297.08,383.33,2021,4,15
2021-04-15,Nueva Zelanda,Trigo,309.22,28491,bajando,UE,272.41,332.53,2021,4,15
2021-04-15,Nueva Zelanda,Maíz,211.56,41682,bajando,Estados Unidos,199.0,233.48,2021,4,15
2021-04-15,España,Maíz,172.64,30925,bajando,UE,162.37,187.85,2021,4,15
2021-04-15,España,Trigo,319.14,9626,bajando,China,282.54,330.91,2021,4,15
2021-04-15,España,Leche,377.54,23827,bajando,Estados Unidos,364.6,430.99,2021,4,15
2021-05-15,Argentina,Carne_bovina,3712.41,142760,bajando,Sudeste Asiático,3415.63,3921.56,2021,5,15
2021-05-15,Argentina,Arroz,364.4,98575,estable,África,356.31,413.99,2021,5,15
2021-05-15,Argentina,Carne_porcina,2496.93,120615,bajando,África,2378.05,2820.05,2021,5,15
2021-05-15,Brasil,Trigo,284.28,112210,subiendo,Oriente Medio,278.05,290.9,2021,5,15
2021-05-15,Brasil,Soja,524.83,70658,subiendo,Estados Unidos,500.8,560.74,2021,5,15
2021-05-15,Brasil,Carne_bovina,4007.18,171681,subiendo,Japón,3474.41,4544.37,2021,5,15
2021-05-15,Estados Unidos,Leche,353.48,52920,bajando,África,322.54,384.52,2021,5,15
2021-05-15,Estados Unidos,Maíz,210.89,437005,subiendo,UE,187.04,222.9,2021,5,15
2021-05-15,Estados Unidos,Trigo,314.99,252283,estable,Sudeste Asiático,273.64,360.73,2021,5,15
2021-05-15,India,Carne_porcina,2587.34,125622,estable,México,2415.56,2689.44,2021,5,15
2021-05-15,India,Soja,442.94,145086,estable,Estados Unidos,429.43,468.38,2021,5,15
2021-05-15,India,Arroz,366.39,67262,subiendo,UE,346.54,382.79,2021,5,15
2021-05-15,China,Maíz,223.28,388243,subiendo,México,207.9,229.46,2021,5,15
2021-05-15,China,Soja,572.38,322415,subiendo,Oriente Medio,506.04,595.74,2021,5,15
2021-05-15,China,Carne_porcina,2659.59,62701,estable,Estados Unidos,2525.81,2852.47,2021,5,15
2021-05-15,Francia,Carne_porcina,2284.92,23943,bajando,Sudeste Asiático,2037.49,2552.45,2021,5,15
2021-05-15,Francia,Maíz,200.26,32708,subiendo,Oriente Medio,174.25,219.14,2021,5,15
2021-05-15,Francia,Arroz,308.2,6913,estable,Sudeste Asiático,277.29,340.72,2021,5,15
2021-05-15,Alemania,Soja,502.88,12904,estable,Sudeste Asiático,490.23,555.14,2021,5,15
2021-05-15,Alemania,Carne_porcina,2381.2,15094,subiendo,Sudeste Asiático,2267.7,2654.27,2021,5,15
2021-05-15,Alemania,Maíz,236.44,13199,subiendo,África,206.56,245.94,2021,5,15
2021-05-15,Australia,Carne_bovina,4495.86,36426,estable,Oriente Medio,4288.7,4969.91,2021,5,15
2021-05-15,Australia,Leche,370.48,71937,estable,Estados Unidos,326.3,385.92,2021,5,15
2021-05-15,Australia,Soja,547.1,74099,estable,Japón,487.81,624.88,2021,5,15
2021-05-15,México,Trigo,312.78,49307,estable,Sudeste Asiático,274.76,351.89,2021,5,15
2021-05-15,México,Arroz,365.9,38423,bajando,México,352.18,400.69,2021,5,15
2021-05-15,México,Maíz,232.8,47890,estable,UE,203.34,250.98,2021,5,15
2021-05-15,Kenia,Leche,337.24,29845,subiendo,Estados Unidos,289.09,354.79,2021,5,15
2021-05-15,Kenia,Carne_bovina,4343.0,35537,bajando,UE,3812.5,4829.54,2021,5,15
2021-05-15,Kenia,Arroz,361.33,37589,estable,Japón,313.27,369.88,2021,5,15
2021-05-15,Nueva Zelanda,Carne_porcina,2671.94,48586,subiendo,Japón,2331.34,3032.22,2021,5,15
2021-05-15,Nueva Zelanda,Maíz,192.08,40752,estable,Sudeste Asiático,176.22,208.55,2021,5,15
2021-05-15,Nueva Zelanda,Soja,509.49,14800,estable,África,477.27,543.35,2021,5,15
2021-05-15,España,Soja,467.41,3650,subiendo,China,414.19,495.11,2021,5,15
2021-05-15,España,Carne_porcina,2838.19,38530,estable,África,2452.86,2919.46,2021,5,15
2021-05-15,España,Carne_bovina,4106.84,14765,estable,UE,3503.01,4268.64,2021,5,15
2021-06-15,Argentina,Carne_bovina,4157.88,34241,bajando,Japón,3792.55,4594.41,2021,6,15
2021-06-15,Argentina,Soja,490.65,61467,subiendo,Oriente Medio,480.34,505.74,2021,6,15
2021-06-15,Argentina,Leche,350.17,40191,subiendo,Oriente Medio,299.84,364.04,2021,6,15
2021-06-15,Brasil,Soja,472.66,417212,bajando,Oriente Medio,430.43,522.68,2021,6,15
2021-06-15,Brasil,Maíz,171.63,441129,estable,UE,148.47,183.6,2021,6,15
2021-06-15,Brasil,Leche,342.85,71942,subiendo,China,311.32,381.93,2021,6,15
2021-06-15,Estados Unidos,Carne_porcina,2734.81,153783,estable,Japón,2337.75,2992.82,2021,6,15
2021-06-15,Estados Unidos,Leche,329.52,331096,subiendo,Estados Unidos,299.59,373.67,2021,6,15
2021-06-15,Estados Unidos,Carne_bovina,4268.48,104331,subiendo,México,3725.95,4403.85,2021,6,15
2021-06-15,India,Maíz,191.15,98383,subiendo,África,186.88,198.7,2021,6,15
2021-06-15,India,Carne_bovina,3551.79,60765,estable,África,3478.25,3784.42,2021,6,15
2021-06-15,India,Arroz,348.0,10324,subiendo,África,301.6,386.39,2021,6,15
2021-06-15,China,Arroz,320.45,124385,bajando,Japón,290.04,341.81,2021,6,15
2021-06-15,China,Maíz,181.07,210927,subiendo,Japón,173.83,190.79,2021,6,15
2021-06-15,China,Carne_porcina,2313.54,131878,subiendo,Estados Unidos,2264.3,2639.58,2021,6,15
2021-06-15,Francia,Arroz,347.94,37538,bajando,México,298.47,381.99,2021,6,15
2021-06-15,Francia,Maíz,175.05,6595,bajando,Oriente Medio,168.41,179.06,2021,6,15
2021-06-15,Francia,Trigo,248.72,19441,estable,UE,222.48,262.13,2021,6,15
2021-06-15,Alemania,Leche,338.57,19707,subiendo,Japón,290.37,346.09,2021,6,15
2021-06-15,Alemania,Soja,500.88,33531,estable,Sudeste Asiático,449.74,569.04,2021,6,15
2021-06-15,Alemania,Maíz,171.48,30020,estable,África,154.05,184.39,2021,6,15
2021-06-15,Australia,Soja,455.74,75824,bajando,Oriente Medio,387.54,467.47,2021,6,15
2021-06-15,Australia,Leche,301.41,144789,subiendo,China,264.32,339.02,2021,6,15
2021-06-15,Australia,Trigo,313.15,70254,subiendo,Sudeste Asiático,282.41,350.5,2021,6,15
2021-06-15,México,Maíz,177.13,1860,estable,UE,169.27,196.11,2021,6,15
2021-06-15,México,Arroz,319.4,2997,estable,UE,311.95,355.04,2021,6,15
2021-06-15,México,Soja,460.59,3782,bajando,Sudeste Asiático,397.59,473.02,2021,6,15
2021-06-15,Kenia,Carne_porcina,2077.29,19856,bajando,México,1898.57,2172.7,2021,6,15
2021-06-15,Kenia,Soja,447.63,13881,subiendo,China,413.37,467.16,2021,6,15
2021-06-15,Kenia,Trigo,297.12,24287,bajando,Oriente Medio,279.72,326.09,2021,6,15
2021-06-15,Nueva Zelanda,Arroz,291.36,14039,estable,Japón,270.64,303.11,2021,6,15
2021-06-15,Nueva Zelanda,Maíz,227.51,17660,bajando,Oriente Medio,206.31,236.47,2021,6,15
2021-06-15,Nueva Zelanda,Soja,438.79,16764,subiendo,Sudeste Asiático,374.05,450.85,2021,6,15
2021-06-15,España,Trigo,276.37,22648,estable,China,262.04,310.46,2021,6,15
2021-06-15,España,Arroz,314.81,44682,bajando,UE,304.99,322.63,2021,6,15
2021-06-15,España,Carne_porcina,2465.48,16463,estable,UE,2358.65,2695.21,2021,6,15
2021-07-15,Argentina,Carne_porcina,2403.27,27243,bajando,Estados Unidos,2056.0,2642.09,2021,7,15
2021-07-15,Argentina,Leche,357.5,88021,estable,Sudeste Asiático,347.07,383.01,2021,7,15
2021-07-15,Argentina,Trigo,326.55,68636,estable,UE,286.0,358.14,2021,7,15
2021-07-15,Brasil,Carne_porcina,2400.79,203415,subiendo,Oriente Medio,2324.08,2747.0,2021,7,15
2021-07-15,Brasil,Maíz,174.03,75744,bajando,Sudeste Asiático,160.84,183.13,2021,7,15
2021-07-15,Brasil,Arroz,378.51,279058,subiendo,Japón,358.0,433.67,2021,7,15
2021-07-15,Estados Unidos,Carne_porcina,2359.28,109736,estable,Sudeste Asiático,2252.9,2427.01,2021,7,15
2021-07-15,Estados Unidos,Carne_bovina,3952.43,275856,estable,Estados Unidos,3373.08,4271.57,2021,7,15
2021-07-15,Estados Unidos,Leche,358.82,333404,subiendo,UE,309.15,368.56,2021,7,15
2021-07-15,India,Soja,515.22,78024,subiendo,UE,453.69,571.36,2021,7,15
2021-07-15,India,Carne_porcina,2588.01,142240,estable,Sudeste Asiático,2502.88,2941.71,2021,7,15
2021-07-15,India,Maíz,169.18,15875,estable,México,164.21,183.74,2021,7,15
2021-07-15,China,Leche,383.64,209443,estable,Estados Unidos,334.11,397.3,2021,7,15
2021-07-15,China,Maíz,234.18,323650,estable,Japón,216.44,252.27,2021,7,15
2021-07-15,China,Carne_bovina,3866.83,56047,estable,Estados Unidos,3317.83,3957.09,2021,7,15
2021-07-15,Francia,Carne_bovina,3868.0,7140,subiendo,Japón,3479.0,3988.16,2021,7,15
2021-07-15,Francia,Maíz,187.99,43464,estable,UE,182.62,204.24,2021,7,15
2021-07-15,Francia,Arroz,357.88,18721,subiendo,Oriente Medio,330.23,388.51,2021,7,15
2021-07-15,Alemania,Arroz,373.23,32269,estable,China,330.2,409.26,2021,7,15
2021-07-15,Alemania,Carne_porcina,2170.03,6795,estable,Oriente Medio,1876.26,2333.93,2021,7,15
2021-07-15,Alemania,Leche,343.7,17260,subiendo,Sudeste Asiático,304.84,390.51,2021,7,15
2021-07-15,Australia,Carne_porcina,2381.98,102810,subiendo,Sudeste Asiático,2204.6,2695.61,2021,7,15
2021-07-15,Australia,Carne_bovina,4085.84,57638,bajando,China,3942.92,4659.53,2021,7,15
2021-07-15,Australia,Leche,339.19,108648,bajando,Japón,320.07,387.23,2021,7,15
2021-07-15,México,Arroz,328.29,5244,bajando,China,285.57,349.28,2021,7,15
2021-07-15,México,Maíz,178.47,24302,estable,Japón,170.85,191.47,2021,7,15
2021-07-15,México,Trigo,279.86,33933,estable,Japón,247.55,300.01,2021,7,15
2021-07-15,Kenia,Carne_porcina,2638.99,10008,bajando,Oriente Medio,2407.65,3031.62,2021,7,15
2021-07-15,Kenia,Carne_bovina,4023.58,38732,subiendo,Oriente Medio,3431.58,4539.78,2021,7,15
2021-07-15,Kenia,Soja,410.62,8402,estable,Japón,368.13,459.17,2021,7,15
2021-07-15,Nueva Zelanda,Carne_bovina,4452.85,47840,bajando,UE,3919.6,4816.94,2021,7,15
2021-07-15,Nueva Zelanda,Carne_porcina,2208.59,13227,subiendo,China,2140.98,2344.99,2021,7,15
2021-07-15,Nueva Zelanda,Soja,481.32,46896,subiendo,Estados Unidos,431.67,550.77,2021,7,15
2021-07-15,España,Leche,305.54,7380,bajando,África,285.54,346.33,2021,7,15
2021-07-15,España,Trigo,302.34,38173,bajando,Oriente Medio,290.2,326.86,2021,7,15
2021-07-15,España,Arroz,379.47,49989,subiendo,Estados Unidos,357.09,416.39,2021,7,15
2021-08-15,Argentina,Carne_bovina,4205.05,10747,bajando,Sudeste Asiático,4029.83,4368.66,2021,8,15
2021-08-15,Argentina,Leche,327.43,118448,estable,UE,311.83,369.72,2021,8,15
2021-08-15,Argentina,Maíz,215.2,108705,bajando,Oriente Medio,200.17,234.57,2021,8,15
2021-08-15,Brasil,Leche,342.41,280868,bajando,Oriente Medio,316.29,379.91,2021,8,15
2021-08-15,Brasil,Soja,516.32,358465,bajando,África,492.81,529.95,2021,8,15
2021-08-15,Brasil,Carne_bovina,3459.49,364105,estable,Estados Unidos,2966.91,3837.85,2021,8,15
2021-08-15,Estados Unidos,Arroz,348.23,414257,subiendo,África,301.13,376.67,2021,8,15
2021-08-15,Estados Unidos,Trigo,294.32,169049,estable,Oriente Medio,258.1,312.24,2021,8,15
2021-08-15,Estados Unidos,Soja,492.43,115936,subiendo,México,439.54,540.65,2021,8,15
2021-08-15,India,Arroz,314.98,88940,subiendo,México,289.45,345.04,2021,8,15
2021-08-15,India,Leche,315.55,108654,bajando,México,300.44,352.24,2021,8,15
2021-08-15,India,Maíz,196.33,140417,bajando,China,175.23,211.38,2021,8,15
2021-08-15,China,Soja,492.0,306916,bajando,África,452.58,503.7,2021,8,15
2021-08-15,China,Maíz,205.5,452656,bajando,Japón,179.81,223.14,2021,8,15
2021-08-15,China,Trigo,300.44,177148,bajando,México,286.57,340.65,2021,8,15
2021-08-15,Francia,Leche,345.26,19952,subiendo,UE,311.27,367.16,2021,8,15
2021-08-15,Francia,Soja,479.3,4519,subiendo,Oriente Medio,417.39,500.53,2021,8,15
2021-08-15,Francia,Carne_porcina,2206.83,30617,bajando,Sudeste Asiático,2074.89,2386.94,2021,8,15
2021-08-15,Alemania,Arroz,343.08,7793,subiendo,Estados Unidos,304.15,393.81,2021,8,15
2021-08-15,Alemania,Soja,467.59,33988,bajando,Oriente Medio,457.83,477.31,2021,8,15
2021-08-15,Alemania,Trigo,336.99,8100,bajando,Oriente Medio,307.52,365.39,2021,8,15
2021-08-15,Australia,Carne_bovina,3925.73,103943,bajando,China,3812.0,4143.67,2021,8,15
2021-08-15,Australia,Soja,459.72,78975,subiendo,Oriente Medio,395.31,512.57,2021,8,15
2021-08-15,Australia,Carne_porcina,2460.52,148611,bajando,Japón,2326.68,2792.65,2021,8,15
2021-08-15,México,Trigo,280.03,26288,estable,China,254.81,298.38,2021,8,15
2021-08-15,México,Soja,498.08,18349,estable,Estados Unidos,443.43,516.03,2021,8,15
2021-08-15,México,Arroz,358.51,33994,bajando,México,321.61,400.75,2021,8,15
2021-08-15,Kenia,Trigo,307.63,21021,estable,África,272.89,332.47,2021,8,15
2021-08-15,Kenia,Maíz,220.92,6026,subiendo,Estados Unidos,214.91,229.77,2021,8,15
2021-08-15,Kenia,Carne_porcina,2520.76,36210,estable,Sudeste Asiático,2366.19,2774.6,2021,8,15
2021-08-15,Nueva Zelanda,Leche,352.54,14518,subiendo,México,329.23,390.69,2021,8,15
2021-08-15,Nueva Zelanda,Maíz,166.57,13558,estable,Oriente Medio,156.41,187.64,2021,8,15
2021-08-15,Nueva Zelanda,Arroz,360.1,1826,estable,China,343.59,370.45,2021,8,15
2021-08-15,España,Leche,343.4,47842,estable,Japón,293.38,377.45,2021,8,15
2021-08-15,España,Arroz,346.2,48132,estable,Estados Unidos,306.28,393.36,2021,8,15
2021-08-15,España,Soja,448.27,21026,subiendo,China,431.02,507.54,2021,8,15
2021-09-15,Argentina,Leche,388.34,113897,bajando,Sudeste Asiático,355.59,422.07,2021,9,15
2021-09-15,Argentina,Carne_porcina,2429.05,55154,bajando,México,2145.02,2689.21,2021,9,15
2021-09-15,Argentina,Maíz,199.09,24021,estable,Japón,190.44,225.83,2021,9,15
2021-09-15,Brasil,Carne_porcina,2634.6,419401,estable,UE,2244.74,2922.33,2021,9,15
2021-09-15,Brasil,Maíz,241.19,401020,bajando,Japón,225.2,249.89,2021,9,15
2021-09-15,Brasil,Arroz,403.35,318693,estable,México,388.68,449.98,2021,9,15
2021-09-15,Estados Unidos,Leche,406.34,326663,estable,Estados Unidos,392.13,454.84,2021,9,15
2021-09-15,Estados Unidos,Carne_bovina,4249.81,214889,bajando,Estados Unidos,4075.05,4392.63,2021,9,15
2021-09-15,Estados Unidos,Carne_porcina,2942.61,183060,bajando,Japón,2515.15,3035.72,2021,9,15
2021-09-15,India,Carne_porcina,2773.94,76226,subiendo,México,2405.52,2902.88,2021,9,15
2021-09-15,India,Carne_bovina,4173.38,127841,subiendo,Japón,3676.64,4686.73,2021,9,15
2021-09-15,India,Leche,338.53,141063,subiendo,Oriente Medio,328.23,352.21,2021,9,15
2021-09-15,China,Carne_bovina,4320.59,75887,estable,Japón,3766.74,4475.03,2021,9,15
2021-09-15,China,Soja,539.15,170596,subiendo,China,459.42,598.41,2021,9,15
2021-09-15,China,Carne_porcina,2602.0,110090,subiendo,China,2383.51,2867.61,2021,9,15
2021-09-15,Francia,Carne_porcina,2655.03,36896,subiendo,México,2322.13,2840.57,2021,9,15
2021-09-15,Francia,Carne_bovina,3774.1,48481,subiendo,México,3663.56,4168.43,2021,9,15
2021-09-15,Francia,Arroz,364.47,34445,subiendo,Sudeste Asiático,322.9,408.86,2021,9,15
2021-09-15,Alemania,Leche,350.6,39581,bajando,UE,299.6,366.66,2021,9,15
2021-09-15,Alemania,Carne_bovina,4185.36,27494,subiendo,China,3758.91,4712.83,2021,9,15
2021-09-15,Alemania,Soja,632.26,39556,bajando,Sudeste Asiático,605.97,672.14,2021,9,15
2021-09-15,Australia,Carne_porcina,2798.24,112218,bajando,México,2411.98,2858.95,2021,9,15
2021-09-15,Australia,Maíz,237.54,88404,subiendo,UE,223.65,269.83,2021,9,15
2021-09-15,Australia,Arroz,437.37,10415,bajando,África,377.49,481.04,2021,9,15
2021-09-15,México,Carne_bovina,4292.58,1985,bajando,Japón,3888.59,4684.37,2021,9,15
2021-09-15,México,Trigo,283.64,36015,estable,Oriente Medio,246.97,311.69,2021,9,15
2021-09-15,México,Leche,392.78,36385,bajando,UE,357.99,451.45,2021,9,15
2021-09-15,Kenia,Carne_porcina,2669.57,3007,bajando,Oriente Medio,2331.82,2880.36,2021,9,15
2021-09-15,Kenia,Leche,351.75,25710,subiendo,Japón,304.77,401.92,2021,9,15
2021-09-15,Kenia,Arroz,367.15,24495,bajando,Estados Unidos,330.22,388.94,2021,9,15
2021-09-15,Nueva Zelanda,Maíz,247.38,38462,bajando,Estados Unidos,240.53,277.54,2021,9,15
2021-09-15,Nueva Zelanda,Carne_bovina,4210.67,8718,bajando,Sudeste Asiático,3829.18,4681.37,2021,9,15
2021-09-15,Nueva Zelanda,Leche,365.79,20450,bajando,Estados Unidos,348.21,377.7,2021,9,15
2021-09-15,España,Carne_porcina,2354.34,47712,estable,Oriente Medio,2288.88,2534.79,2021,9,15
2021-09-15,España,Leche,341.24,32295,bajando,UE,309.98,384.05,2021,9,15
2021-09-15,España,Carne_bovina,4825.76,18323,estable,África,4269.03,5005.02,2021,9,15
2021-10-15,Argentina,Leche,378.94,21893,bajando,Oriente Medio,360.5,392.75,2021,10,15
2021-10-15,Argentina,Carne_bovina,4310.36,106251,bajando,China,4061.82,4406.69,2021,10,15
2021-10-15,Argentina,Trigo,328.4,114673,subiendo,África,296.64,375.55,2021,10,15
2021-10-15,Brasil,Arroz,388.48,296416,subiendo,Estados Unidos,376.65,427.11,2021,10,15
2021-10-15,Brasil,Soja,619.08,196799,subiendo,China,533.37,673.32,2021,10,15
2021-10-15,Brasil,Carne_porcina,3056.25,145823,subiendo,México,2882.72,3212.88,2021,10,15
2021-10-15,Estados Unidos,Soja,554.93,466725,bajando,China,506.42,570.28,2021,10,15
2021-10-15,Estados Unidos,Arroz,368.25,415960,subiendo,UE,318.58,393.42,2021,10,15
2021-10-15,Estados Unidos,Maíz,174.6,293176,subiendo,UE,155.56,187.8,2021,10,15
2021-10-15,India,Carne_porcina,2653.36,125497,subiendo,Estados Unidos,2324.21,2717.75,2021,10,15
2021-10-15,India,Maíz,185.5,92289,estable,China,157.78,200.88,2021,10,15
2021-10-15,India,Trigo,386.66,32707,estable,México,356.9,410.84,2021,10,15
2021-10-15,China,Trigo,358.12,266638,estable,Japón,344.69,384.47,2021,10,15
2021-10-15,China,Soja,473.36,297577,subiendo,Oriente Medio,453.82,488.25,2021,10,15
2021-10-15,China,Carne_porcina,2839.29,124056,bajando,Japón,2710.44,3195.39,2021,10,15
2021-10-15,Francia,Maíz,180.71,11074,bajando,Oriente Medio,158.81,188.63,2021,10,15
2021-10-15,Francia,Soja,518.28,48734,bajando,Sudeste Asiático,457.79,580.12,2021,10,15
2021-10-15,Francia,Leche,384.39,10921,bajando,China,347.0,405.72,2021,10,15
2021-10-15,Alemania,Carne_bovina,4436.24,39553,estable,Japón,4341.59,5099.63,2021,10,15
2021-10-15,Alemania,Arroz,430.07,33989,subiendo,México,419.66,456.44,2021,10,15
2021-10-15,Alemania,Maíz,209.05,42328,bajando,Oriente Medio,202.56,227.91,2021,10,15
2021-10-15,Australia,Trigo,313.72,82535,estable,China,282.71,338.3,2021,10,15
2021-10-15,Australia,Leche,346.05,114088,subiendo,Japón,319.54,385.77,2021,10,15
2021-10-15,Australia,Maíz,171.45,97374,bajando,UE,146.68,188.9,2021,10,15
2021-10-15,México,Trigo,346.56,16307,subiendo,UE,339.48,374.33,2021,10,15
2021-10-15,México,Carne_porcina,2649.44,40388,estable,China,2301.04,2979.84,2021,10,15
2021-10-15,México,Maíz,226.42,26497,subiendo,Estados Unidos,197.41,231.65,2021,10,15
2021-10-15,Kenia,Carne_porcina,2837.77,18566,estable,UE,2663.92,3262.78,2021,10,15
2021-10-15,Kenia,Carne_bovina,4676.77,12943,bajando,África,4452.48,5317.55,2021,10,15
2021-10-15,Kenia,Trigo,325.66,1693,subiendo,Oriente Medio,308.97,361.79,2021,10,15
2021-10-15,Nueva Zelanda,Maíz,182.35,48151,subiendo,África,177.91,201.51,2021,10,15
2021-10-15,Nueva Zelanda,Leche,373.12,42531,estable,África,318.7,394.29,2021,10,15
2021-10-15,Nueva Zelanda,Trigo,375.02,30028,estable,Japón,359.94,405.13,2021,10,15
2021-10-15,España,Carne_bovina,4499.04,24996,estable,China,4358.44,4978.8,2021,10,15
2021-10-15,España,Maíz,221.34,26734,bajando,Japón,216.05,248.01,2021,10,15
2021-10-15,España,Trigo,272.92,38943,subiendo,China,241.82,282.85,2021,10,15
2021-11-15,Argentina,Maíz,188.58,84504,subiendo,UE,173.6,207.72,2021,11,15
2021-11-15,Argentina,Soja,627.89,98292,estable,Estados Unidos,612.05,669.76,2021,11,15
2021-11-15,Argentina,Arroz,381.65,107989,estable,África,331.67,407.21,2021,11,15
2021-11-15,Brasil,Maíz,208.66,352833,subiendo,China,188.15,224.45,2021,11,15
2021-11-15,Brasil,Leche,416.07,80822,subiendo,Oriente Medio,392.45,450.22,2021,11,15
2021-11-15,Brasil,Carne_porcina,2509.06,176686,bajando,México,2359.19,2600.11,2021,11,15
2021-11-15,Estados Unidos,Soja,530.47,354639,estable,África,510.34,542.5,2021,11,15
2021-11-15,Estados Unidos,Carne_porcina,2614.55,447810,subiendo,África,2333.88,2740.93,2021,11,15
2021-11-15,Estados Unidos,Leche,400.81,88209,bajando,Japón,392.03,425.14,2021,11,15
2021-11-15,India,Soja,506.99,76786,subiendo,China,472.31,560.72,2021,11,15
2021-11-15,India,Arroz,396.58,67366,subiendo,México,354.16,409.43,2021,11,15
2021-11-15,India,Leche,364.78,20442,estable,Oriente Medio,349.85,374.28,2021,11,15
2021-11-15,China,Soja,538.16,182790,subiendo,China,468.03,612.09,2021,11,15
2021-11-15,China,Maíz,185.63,165314,subiendo,China,164.58,205.71,2021,11,15
2021-11-15,China,Carne_bovina,4887.62,289357,bajando,Sudeste Asiático,4359.88,5344.74,2021,11,15
2021-11-15,Francia,Soja,556.73,28754,bajando,Estados Unidos,501.82,584.58,2021,11,15
2021-11-15,Francia,Maíz,234.46,12742,subiendo,Estados Unidos,213.23,249.93,2021,11,15
2021-11-15,Francia,Leche,347.48,31367,subiendo,Estados Unidos,295.41,374.53,2021,11,15
2021-11-15,Alemania,Maíz,204.24,1401,subiendo,Japón,185.06,233.75,2021,11,15
2021-11-15,Alemania,Trigo,287.31,48550,estable,Estados Unidos,246.74,326.93,2021,11,15
2021-11-15,Alemania,Soja,512.32,38542,bajando,China,481.19,560.24,2021,11,15
2021-11-15,Australia,Arroz,361.33,107367,bajando,UE,341.43,409.92,2021,11,15
2021-11-15,Australia,Maíz,218.34,133324,subiendo,UE,196.42,237.37,2021,11,15
2021-11-15,Australia,Carne_porcina,2897.57,99042,subiendo,Sudeste Asiático,2664.45,3260.0,2021,11,15
2021-11-15,México,Carne_bovina,4257.37,11130,estable,Sudeste Asiático,4116.44,4787.33,2021,11,15
2021-11-15,México,Soja,541.37,21381,subiendo,UE,530.22,561.91,2021,11,15
2021-11-15,México,Maíz,228.6,1079,subiendo,Estados Unidos,210.69,251.45,2021,11,15
2021-11-15,Kenia,Carne_bovina,4300.78,4877,bajando,UE,3810.77,4659.23,2021,11,15
2021-11-15,Kenia,Soja,488.47,9629,estable,UE,419.39,560.08,2021,11,15
2021-11-15,Kenia,Carne_porcina,2964.52,47565,subiendo,China,2779.26,3307.35,2021,11,15
2021-11-15,Nueva Zelanda,Carne_porcina,2338.77,4323,bajando,Estados Unidos,2054.55,2425.44,2021,11,15
2021-11-15,Nueva Zelanda,Maíz,228.93,9335,estable,UE,201.84,254.87,2021,11,15
2021-11-15,Nueva Zelanda,Soja,496.82,9561,estable,UE,449.29,564.0,2021,11,15
2021-11-15,España,Arroz,362.44,4764,bajando,Japón,352.12,390.42,2021,11,15
2021-11-15,España,Trigo,313.28,39309,subiendo,Japón,271.67,322.44,2021,11,15
2021-11-15,España,Leche,334.55,40204,subiendo,Oriente Medio,314.06,376.6,2021,11,15
2021-12-15,Argentina,Carne_porcina,2470.72,20715,subiendo,Japón,2138.44,2772.32,2021,12,15
2021-12-15,Argentina,Maíz,190.71,82327,subiendo,Oriente Medio,171.82,198.27,2021,12,15
2021-12-15,Argentina,Arroz,330.4,41068,bajando,Sudeste Asiático,281.44,339.4,2021,12,15
2021-12-15,Brasil,Arroz,368.52,256179,bajando,China,331.6,409.45,2021,12,15
2021-12-15,Brasil,Carne_bovina,3901.54,318511,bajando,África,3499.75,4133.35,2021,12,15
2021-12-15,Brasil,Trigo,280.99,183554,bajando,China,254.95,302.38,2021,12,15
2021-12-15,Estados Unidos,Soja,475.8,167817,estable,Oriente Medio,425.7,504.02,2021,12,15
2021-12-15,Estados Unidos,Carne_porcina,2361.07,149495,subiendo,Estados Unidos,2125.19,2541.46,2021,12,15
2021-12-15,Estados Unidos,Trigo,306.93,126995,bajando,Japón,292.24,339.62,2021,12,15
2021-12-15,India,Leche,365.37,94033,bajando,Estados Unidos,315.38,397.12,2021,12,15
2021-12-15,India,Carne_porcina,2589.19,20299,estable,Sudeste Asiático,2520.29,2840.96,2021,12,15
2021-12-15,India,Trigo,292.91,116840,subiendo,Japón,276.56,333.32,2021,12,15
2021-12-15,China,Carne_porcina,2426.52,165659,subiendo,África,2316.48,2754.97,2021,12,15
2021-12-15,China,Maíz,222.67,197709,bajando,Estados Unidos,215.0,246.42,2021,12,15
2021-12-15,China,Carne_bovina,3660.5,178724,bajando,Japón,3563.19,3750.24,2021,12,15
2021-12-15,Francia,Carne_porcina,2346.96,44808,estable,Sudeste Asiático,2118.69,2507.97,2021,12,15
2021-12-15,Francia,Soja,502.82,31599,estable,Oriente Medio,487.28,549.72,2021,12,15
2021-12-15,Francia,Maíz,176.74,30722,bajando,México,166.81,201.93,2021,12,15
2021-12-15,Alemania,Carne_porcina,2274.68,25295,estable,Sudeste Asiático,2226.57,2400.27,2021,12,15
2021-12-15,Alemania,Trigo,290.41,33950,bajando,UE,263.12,330.42,2021,12,15
2021-12-15,Alemania,Soja,421.75,19713,bajando,China,387.85,479.98,2021,12,15
2021-12-15,Australia,Carne_bovina,4036.3,32947,bajando,Estados Unidos,3829.87,4429.73,2021,12,15
2021-12-15,Australia,Trigo,292.41,109952,bajando,México,280.64,305.17,2021,12,15
2021-12-15,Australia,Leche,343.78,128803,bajando,Estados Unidos,302.93,385.38,2021,12,15
2021-12-15,México,Carne_bovina,3486.38,19737,subiendo,México,3258.32,3820.57,2021,12,15
2021-12-15,México,Maíz,191.26,28227,subiendo,México,181.89,217.12,2021,12,15
2021-12-15,México,Trigo,274.83,30675,estable,Oriente Medio,241.46,307.84,2021,12,15
2021-12-15,Kenia,Soja,442.2,48898,subiendo,Sudeste Asiático,429.91,498.29,2021,12,15
2021-12-15,Kenia,Maíz,207.47,8880,subiendo,África,196.03,223.66,2021,12,15
2021-12-15,Kenia,Carne_porcina,2663.52,21862,subiendo,Japón,2389.6,3052.47,2021,12,15
2021-12-15,Nueva Zelanda,Trigo,303.26,31189,bajando,México,291.05,334.97,2021,12,15
2021-12-15,Nueva Zelanda,Carne_porcina,2349.3,33585,subiendo,Estados Unidos,2262.52,2681.47,2021,12,15
2021-12-15,Nueva Zelanda,Soja,523.15,27930,bajando,Estados Unidos,459.81,563.85,2021,12,15
2021-12-15,España,Arroz,345.89,27655,subiendo,Japón,315.05,357.82,2021,12,15
2021-12-15,España,Soja,547.6,4056,estable,África,523.5,616.47,2021,12,15
2021-12-15,España,Carne_bovina,3889.42,25083,bajando,China,3324.39,4432.77,2021,12,15
2022-01-15,Argentina,Arroz,333.07,58839,bajando,Sudeste Asiático,311.79,380.66,2022,1,15
2022-01-15,Argentina,Carne_porcina,2088.13,88937,subiendo,UE,1983.73,2188.97,2022,1,15
2022-01-15,Argentina,Soja,497.96,32765,bajando,Estados Unidos,482.08,520.77,2022,1,15
2022-01-15,Brasil,Soja,484.57,321632,bajando,Estados Unidos,468.99,495.95,2022,1,15
2022-01-15,Brasil,Arroz,355.22,380913,bajando,Japón,317.82,395.54,2022,1,15
2022-01-15,Brasil,Carne_bovina,4095.74,395649,estable,Japón,3965.67,4256.65,2022,1,15
2022-01-15,Estados Unidos,Soja,463.67,323789,estable,Estados Unidos,394.2,494.86,2022,1,15
2022-01-15,Estados Unidos,Carne_porcina,2496.85,459842,subiendo,África,2195.52,2620.35,2022,1,15
2022-01-15,Estados Unidos,Arroz,336.63,68223,bajando,Oriente Medio,290.15,345.51,2022,1,15
2022-01-15,India,Arroz,325.19,41665,estable,Estados Unidos,311.49,340.15,2022,1,15
2022-01-15,India,Maíz,155.45,42684,subiendo,Oriente Medio,134.15,171.59,2022,1,15
2022-01-15,India,Carne_bovina,4491.29,68264,estable,Estados Unidos,4229.86,5143.76,2022,1,15
2022-01-15,China,Arroz,385.04,330039,bajando,Oriente Medio,351.24,408.98,2022,1,15
2022-01-15,China,Carne_porcina,2415.82,160006,subiendo,Estados Unidos,2097.92,2514.82,2022,1,15
2022-01-15,China,Leche,325.27,105642,estable,México,287.21,338.28,2022,1,15
2022-01-15,Francia,Carne_bovina,3863.21,45913,estable,Estados Unidos,3373.44,4421.77,2022,1,15
2022-01-15,Francia,Carne_porcina,2345.96,41496,bajando,Japón,2107.39,2407.92,2022,1,15
2022-01-15,Francia,Leche,353.19,42643,estable,Sudeste Asiático,339.91,371.49,2022,1,15
2022-01-15,Alemania,Leche,330.71,45805,bajando,México,285.6,347.49,2022,1,15
2022-01-15,Alemania,Carne_porcina,2361.38,37627,bajando,UE,2207.7,2508.06,2022,1,15
2022-01-15,Alemania,Maíz,170.64,15401,bajando,Estados Unidos,153.95,175.33,2022,1,15
2022-01-15,Australia,Leche,344.89,134132,estable,África,310.47,365.86,2022,1,15
2022-01-15,Australia,Trigo,268.01,104773,bajando,México,247.63,301.22,2022,1,15
2022-01-15,Australia,Arroz,380.18,106544,subiendo,Oriente Medio,371.45,401.01,2022,1,15
2022-01-15,México,Maíz,178.55,38327,estable,UE,165.14,190.85,2022,1,15
2022-01-15,México,Carne_bovina,4261.29,30547,estable,Sudeste Asiático,3820.28,4448.92,2022,1,15
2022-01-15,México,Trigo,267.8,9984,subiendo,México,233.51,307.15,2022,1,15
2022-01-15,Kenia,Carne_porcina,2555.75,7297,subiendo,UE,2222.12,2631.22,2022,1,15
2022-01-15,Kenia,Maíz,170.55,47953,bajando,Oriente Medio,155.23,186.52,2022,1,15
2022-01-15,Kenia,Leche,314.86,35289,bajando,Japón,270.67,338.61,2022,1,15
2022-01-15,Nueva Zelanda,Arroz,388.57,13148,subiendo,Sudeste Asiático,363.22,430.43,2022,1,15
2022-01-15,Nueva Zelanda,Soja,462.85,46577,estable,Sudeste Asiático,432.46,497.4,2022,1,15
2022-01-15,Nueva Zelanda,Maíz,183.43,14631,estable,México,160.75,201.46,2022,1,15
2022-01-15,España,Carne_porcina,2175.08,34586,estable,África,1900.19,2253.84,2022,1,15
2022-01-15,España,Arroz,292.16,5538,bajando,China,277.75,316.47,2022,1,15
2022-01-15,España,Trigo,300.89,37899,estable,Sudeste Asiático,287.03,318.02,2022,1,15
2022-02-15,Argentina,Maíz,163.8,131704,bajando,México,145.81,181.25,2022,2,15
2022-02-15,Argentina,Carne_porcina,2369.26,127394,estable,Sudeste Asiático,2298.27,2689.17,2022,2,15
2022-02-15,Argentina,Leche,337.26,111097,bajando,Oriente Medio,316.95,345.49,2022,2,15
2022-02-15,Brasil,Leche,305.93,215011,estable,Japón,278.75,313.55,2022,2,15
2022-02-15,Brasil,Trigo,340.9,346246,bajando,Estados Unidos,332.43,367.27,2022,2,15
2022-02-15,Brasil,Maíz,175.76,390825,bajando,Estados Unidos,162.4,187.96,2022,2,15
2022-02-15,Estados Unidos,Trigo,317.51,426971,subiendo,Estados Unidos,285.07,328.41,2022,2,15
2022-02-15,Estados Unidos,Soja,488.08,403590,subiendo,Oriente Medio,433.88,560.49,2022,2,15
2022-02-15,Estados Unidos,Maíz,219.45,324999,estable,África,203.99,233.79,2022,2,15
2022-02-15,India,Trigo,285.29,78609,bajando,Japón,253.9,300.55,2022,2,15
2022-02-15,India,Arroz,331.15,41801,bajando,Japón,313.9,348.22,2022,2,15
2022-02-15,India,Carne_porcina,2677.44,82296,estable,Sudeste Asiático,2375.05,2931.1,2022,2,15
2022-02-15,China,Trigo,251.29,488709,estable,Estados Unidos,218.37,257.88,2022,2,15
2022-02-15,China,Arroz,325.47,367424,estable,Sudeste Asiático,307.27,341.23,2022,2,15
2022-02-15,China,Leche,361.71,386878,estable,México,312.15,376.36,2022,2,15
2022-02-15,Francia,Maíz,178.4,8546,bajando,China,162.75,188.96,2022,2,15
2022-02-15,Francia,Carne_bovina,4022.92,19813,estable,Oriente Medio,3613.27,4350.55,2022,2,15
2022-02-15,Francia,Arroz,366.27,9235,subiendo,Japón,311.81,387.96,2022,2,15
2022-02-15,Alemania,Carne_bovina,3569.47,48417,estable,Japón,3296.96,4022.74,2022,2,15
2022-02-15,Alemania,Arroz,328.34,24315,subiendo,Estados Unidos,312.33,343.62,2022,2,15
2022-02-15,Alemania,Trigo,322.32,26787,bajando,Oriente Medio,281.95,353.17,2022,2,15
2022-02-15,Australia,Carne_porcina,2686.32,122785,subiendo,Japón,2613.17,2831.22,2022,2,15
2022-02-15,Australia,Leche,324.21,77993,estable,África,292.29,340.02,2022,2,15
2022-02-15,Australia,Arroz,332.93,107251,subiendo,Japón,295.83,347.54,2022,2,15
2022-02-15,México,Leche,375.34,3194,subiendo,Japón,334.16,397.13,2022,2,15
2022-02-15,México,Arroz,310.61,8063,subiendo,México,273.38,335.02,2022,2,15
2022-02-15,México,Soja,497.13,46426,estable,Oriente Medio,473.07,541.99,2022,2,15
2022-02-15,Kenia,Maíz,227.99,43672,bajando,Estados Unidos,210.66,240.87,2022,2,15
2022-02-15,Kenia,Leche,378.32,11026,estable,UE,353.37,433.7,2022,2,15
2022-02-15,Kenia,Carne_bovina,3734.31,31527,bajando,Japón,3656.49,3955.65,2022,2,15
2022-02-15,Nueva Zelanda,Leche,326.6,25026,subiendo,Estados Unidos,284.49,356.87,2022,2,15
2022-02-15,Nueva Zelanda,Trigo,335.22,23173,subiendo,Sudeste Asiático,317.69,373.73,2022,2,15
2022-02-15,Nueva Zelanda,Maíz,218.21,14039,subiendo,Estados Unidos,200.24,226.92,2022,2,15
2022-02-15,España,Leche,305.66,27297,estable,UE,268.37,346.65,2022,2,15
2022-02-15,España,Soja,436.2,17622,bajando,Sudeste Asiático,395.78,486.55,2022,2,15
2022-02-15,España,Maíz,183.6,30903,bajando,China,166.51,197.46,2022,2,15
2022-03-15,Argentina,Leche,377.65,92624,subiendo,China,329.52,416.71,2022,3,15
2022-03-15,Argentina,Arroz,317.13,55361,subiendo,México,303.2,330.5,2022,3,15
2022-03-15,Argentina,Carne_bovina,3663.92,44553,subiendo,Estados Unidos,3371.63,3955.57,2022,3,15
2022-03-15,Brasil,Leche,348.98,135672,estable,Estados Unidos,309.91,395.93,2022,3,15
2022-03-15,Brasil,Carne_bovina,3985.64,428647,bajando,México,3730.05,4348.5,2022,3,15
2022-03-15,Brasil,Maíz,233.82,486048,bajando,Sudeste Asiático,208.51,246.42,2022,3,15
2022-03-15,Estados Unidos,Maíz,221.04,188259,subiendo,Oriente Medio,198.22,241.02,2022,3,15
2022-03-15,Estados Unidos,Carne_bovina,4377.94,130785,estable,Sudeste Asiático,4079.19,4658.71,2022,3,15
2022-03-15,Estados Unidos,Carne_porcina,2577.62,131553,bajando,China,2459.94,2825.18,2022,3,15
2022-03-15,India,Carne_porcina,2520.68,76773,estable,Estados Unidos,2452.95,2730.17,2022,3,15
2022-03-15,India,Trigo,319.29,30003,subiendo,UE,276.79,329.25,2022,3,15
2022-03-15,India,Arroz,327.73,144614,subiendo,Japón,308.26,376.15,2022,3,15
2022-03-15,China,Carne_bovina,4036.61,88762,bajando,China,3883.96,4371.71,2022,3,15
2022-03-15,China,Arroz,388.89,168245,estable,Estados Unidos,348.38,426.38,2022,3,15
2022-03-15,China,Leche,351.5,236101,subiendo,África,332.37,399.54,2022,3,15
2022-03-15,Francia,Maíz,175.19,33258,bajando,México,154.6,191.39,2022,3,15
2022-03-15,Francia,Arroz,312.39,19957,subiendo,Estados Unidos,270.12,325.8,2022,3,15
2022-03-15,Francia,Leche,377.71,18083,estable,Oriente Medio,362.79,394.71,2022,3,15
2022-03-15,Alemania,Soja,560.99,14261,bajando,México,498.87,636.18,2022,3,15
2022-03-15,Alemania,Carne_porcina,2655.32,34984,bajando,África,2261.07,2868.81,2022,3,15
2022-03-15,Alemania,Maíz,207.69,25522,estable,Oriente Medio,197.22,230.32,2022,3,15
2022-03-15,Australia,Maíz,190.85,140242,bajando,Estados Unidos,172.08,210.41,2022,3,15
2022-03-15,Australia,Carne_bovina,4165.32,92977,bajando,Japón,3685.64,4493.57,2022,3,15
2022-03-15,Australia,Trigo,299.14,54694,subiendo,África,276.32,305.8,2022,3,15
2022-03-15,México,Maíz,196.74,40622,subiendo,China,183.96,215.33,2022,3,15
2022-03-15,México,Arroz,369.53,19732,subiendo,UE,329.59,418.45,2022,3,15
2022-03-15,México,Trigo,350.33,3755,subiendo,África,312.17,387.62,2022,3,15
2022-03-15,Kenia,Carne_bovina,4036.13,48199,subiendo,Oriente Medio,3521.15,4443.44,2022,3,15
2022-03-15,Kenia,Arroz,357.45,12788,subiendo,Oriente Medio,321.35,380.18,2022,3,15
2022-03-15,Kenia,Soja,483.9,43356,estable,África,417.42,506.46,2022,3,15
2022-03-15,Nueva Zelanda,Maíz,206.14,18865,estable,Japón,194.1,214.48,2022,3,15
2022-03-15,Nueva Zelanda,Soja,518.12,10950,subiendo,Estados Unidos,493.08,553.54,2022,3,15
2022-03-15,Nueva Zelanda,Carne_bovina,4060.69,8382,estable,África,3735.76,4601.02,2022,3,15
2022-03-15,España,Carne_bovina,4040.56,1552,subiendo,UE,3713.31,4259.07,2022,3,15
2022-03-15,España,Arroz,355.58,21027,subiendo,China,304.21,380.63,2022,3,15
2022-03-15,España,Leche,362.4,33625,bajando,Sudeste Asiático,319.56,384.42,2022,3,15
2022-04-15,Argentina,Trigo,312.45,114672,estable,México,297.06,323.52,2022,4,15
2022-04-15,Argentina,Carne_porcina,2392.15,87645,estable,Estados Unidos,2068.09,2483.81,2022,4,15
2022-04-15,Argentina,Arroz,407.21,56935,subiendo,Japón,355.82,431.54,2022,4,15
2022-04-15,Brasil,Maíz,177.62,163748,subiendo,México,167.89,202.82,2022,4,15
2022-04-15,Brasil,Leche,383.49,417010,subiendo,UE,349.45,421.82,2022,4,15
2022-04-15,Brasil,Trigo,279.39,358348,estable,México,258.38,304.11,2022,4,15
2022-04-15,Estados Unidos,Carne_porcina,2512.43,338123,subiendo,China,2207.21,2703.78,2022,4,15
2022-04-15,Estados Unidos,Soja,518.84,440660,subiendo,China,445.22,552.67,2022,4,15
2022-04-15,Estados Unidos,Carne_bovina,3707.68,226507,subiendo,Oriente Medio,3242.41,3828.28,2022,4,15
2022-04-15,India,Trigo,274.78,74034,estable,Japón,253.21,280.35,2022,4,15
2022-04-15,India,Carne_porcina,2557.19,119557,estable,Estados Unidos,2393.02,2796.02,2022,4,15
2022-04-15,India,Maíz,198.2,114361,estable,Oriente Medio,172.7,213.95,2022,4,15
2022-04-15,China,Arroz,338.34,158427,estable,Oriente Medio,317.2,383.93,2022,4,15
2022-04-15,China,Soja,497.99,263652,estable,UE,456.03,549.06,2022,4,15
2022-04-15,China,Carne_porcina,2946.05,475368,bajando,Estados Unidos,2656.44,3045.09,2022,4,15
2022-04-15,Francia,Arroz,369.67,5874,subiendo,Estados Unidos,346.12,415.08,2022,4,15
2022-04-15,Francia,Carne_bovina,3747.18,40896,subiendo,UE,3512.95,4235.77,2022,4,15
2022-04-15,Francia,Trigo,319.62,13244,bajando,UE,293.63,339.53,2022,4,15
2022-04-15,Alemania,Leche,374.53,33309,bajando,UE,350.03,402.59,2022,4,15
2022-04-15,Alemania,Carne_porcina,2578.77,39142,subiendo,China,2404.77,2943.57,2022,4,15
2022-04-15,Alemania,Maíz,217.15,18458,subiendo,UE,202.12,234.68,2022,4,15
2022-04-15,Australia,Arroz,356.09,39011,bajando,Oriente Medio,329.51,387.9,2022,4,15
2022-04-15,Australia,Leche,355.8,101735,estable,Sudeste Asiático,310.67,394.17,2022,4,15
2022-04-15,Australia,Maíz,246.26,49498,estable,Oriente Medio,221.38,273.46,2022,4,15
2022-04-15,México,Leche,335.94,24193,estable,UE,291.6,362.24,2022,4,15
2022-04-15,México,Arroz,345.34,38060,subiendo,África,308.18,379.29,2022,4,15
2022-04-15,México,Carne_bovina,4291.36,1591,bajando,México,4142.26,4700.38,2022,4,15
2022-04-15,Kenia,Carne_bovina,3933.55,41458,bajando,Oriente Medio,3645.35,4522.05,2022,4,15
2022-04-15,Kenia,Maíz,176.5,41549,bajando,Sudeste Asiático,150.52,180.12,2022,4,15
2022-04-15,Kenia,Arroz,376.6,45957,estable,Sudeste Asiático,332.59,401.37,2022,4,15
2022-04-15,Nueva Zelanda,Carne_bovina,3787.1,34361,subiendo,México,3274.44,4090.32,2022,4,15
2022-04-15,Nueva Zelanda,Leche,346.03,42282,bajando,Japón,312.06,379.11,2022,4,15
2022-04-15,Nueva Zelanda,Trigo,321.99,25957,bajando,China,284.79,341.65,2022,4,15
2022-04-15,España,Leche,367.72,26853,subiendo,África,358.69,380.73,2022,4,15
2022-04-15,España,Carne_bovina,4055.69,27114,subiendo,Sudeste Asiático,3467.94,4347.81,2022,4,15
2022-04-15,España,Soja,549.52,2184,estable,Estados Unidos,486.42,620.05,2022,4,15
2022-05-15,Argentina,Trigo,312.75,59795,estable,China,279.25,331.41,2022,5,15
2022-05-15,Argentina,Carne_bovina,4338.69,134184,bajando,UE,3999.99,4660.1,2022,5,15
2022-05-15,Argentina,Maíz,211.32,127198,bajando,China,180.92,221.39,2022,5,15
2022-05-15,Brasil,Carne_porcina,2657.49,360469,estable,África,2481.71,2716.61,2022,5,15
2022-05-15,Brasil,Trigo,351.84,203503,subiendo,México,334.16,367.64,2022,5,15
2022-05-15,Brasil,Arroz,356.47,492850,bajando,Oriente Medio,323.79,366.0,2022,5,15
2022-05-15,Estados Unidos,Leche,368.12,134932,bajando,China,314.4,405.68,2022,5,15
2022-05-15,Estados Unidos,Arroz,331.21,410674,subiendo,China,291.47,377.4,2022,5,15
2022-05-15,Estados Unidos,Maíz,206.12,118957,estable,China,185.75,217.59,2022,5,15
2022-05-15,India,Trigo,346.94,108100,subiendo,México,337.29,370.92,2022,5,15
2022-05-15,India,Arroz,358.61,94831,bajando,Oriente Medio,345.48,372.17,2022,5,15
2022-05-15,India,Carne_bovina,4555.68,58296,subiendo,UE,4233.0,4843.29,2022,5,15
2022-05-15,China,Soja,470.28,311569,bajando,Sudeste Asiático,454.81,498.25,2022,5,15
2022-05-15,China,Carne_porcina,2556.67,245226,estable,Japón,2372.85,2716.24,2022,5,15
2022-05-15,China,Trigo,275.29,171509,estable,Japón,245.18,298.29,2022,5,15
2022-05-15,Francia,Maíz,190.39,7660,subiendo,China,161.91,200.36,2022,5,15
2022-05-15,Francia,Soja,445.18,6990,subiendo,Sudeste Asiático,392.11,499.16,2022,5,15
2022-05-15,Francia,Trigo,286.43,33417,subiendo,Oriente Medio,272.23,312.12,2022,5,15
2022-05-15,Alemania,Carne_bovina,4211.11,47685,estable,África,3882.81,4388.93,2022,5,15
2022-05-15,Alemania,Carne_porcina,2531.53,45647,bajando,Estados Unidos,2386.38,2685.04,2022,5,15
2022-05-15,Alemania,Soja,535.95,22475,bajando,África,498.41,577.93,2022,5,15
2022-05-15,Australia,Maíz,210.93,105229,bajando,UE,186.37,227.6,2022,5,15
2022-05-15,Australia,Trigo,270.83,105976,estable,Japón,242.76,281.21,2022,5,15
2022-05-15,Australia,Leche,357.16,87541,subiendo,Sudeste Asiático,309.11,391.26,2022,5,15
2022-05-15,México,Carne_porcina,2334.23,40520,subiendo,China,2085.26,2529.1,2022,5,15
2022-05-15,México,Carne_bovina,3954.94,9179,estable,Japón,3578.3,4483.32,2022,5,15
2022-05-15,México,Arroz,313.46,43225,estable,Estados Unidos,283.85,321.25,2022,5,15
2022-05-15,Kenia,Arroz,404.37,37491,subiendo,África,385.47,437.68,2022,5,15
2022-05-15,Kenia,Carne_bovina,3790.7,37362,bajando,Estados Unidos,3377.8,3897.36,2022,5,15
2022-05-15,Kenia,Carne_porcina,2380.04,21036,bajando,África,2280.37,2493.45,2022,5,15
2022-05-15,Nueva Zelanda,Trigo,319.25,34545,subiendo,UE,292.61,361.47,2022,5,15
2022-05-15,Nueva Zelanda,Carne_porcina,2556.41,13320,bajando,México,2461.86,2772.56,2022,5,15
2022-05-15,Nueva Zelanda,Soja,536.89,25831,subiendo,Oriente Medio,497.46,552.19,2022,5,15
2022-05-15,España,Trigo,324.02,40623,estable,México,312.85,357.0,2022,5,15
2022-05-15,España,Soja,538.67,23377,subiendo,China,506.15,557.3,2022,5,15
2022-05-15,España,Carne_porcina,2599.46,32437,subiendo,China,2389.08,2730.5,2022,5,15
2022-06-15,Argentina,Carne_porcina,2345.02,117373,estable,México,2269.03,2443.8,2022,6,15
2022-06-15,Argentina,Leche,320.07,144899,estable,México,297.83,365.55,2022,6,15
2022-06-15,Argentina,Trigo,334.05,130015,estable,África,302.96,365.09,2022,6,15
2022-06-15,Brasil,Trigo,310.08,445435,estable,Estados Unidos,301.68,346.19,2022,6,15
2022-06-15,Brasil,Arroz,339.46,125213,subiendo,Sudeste Asiático,321.43,366.67,2022,6,15
2022-06-15,Brasil,Leche,351.57,397379,estable,UE,336.31,372.28,2022,6,15
2022-06-15,Estados Unidos,Carne_bovina,4123.39,92965,bajando,China,4001.38,4608.21,2022,6,15
2022-06-15,Estados Unidos,Soja,522.32,187726,bajando,UE,497.61,586.73,2022,6,15
2022-06-15,Estados Unidos,Leche,327.03,133821,estable,Oriente Medio,319.72,338.02,2022,6,15
2022-06-15,India,Soja,481.19,141800,bajando,Oriente Medio,462.12,497.95,2022,6,15
2022-06-15,India,Carne_porcina,2146.32,138892,estable,UE,1901.13,2444.95,2022,6,15
2022-06-15,India,Leche,365.46,15941,estable,Estados Unidos,350.24,393.93,2022,6,15
2022-06-15,China,Carne_bovina,3820.05,272940,bajando,Japón,3356.79,4288.43,2022,6,15
2022-06-15,China,Maíz,179.64,214144,estable,China,170.31,194.08,2022,6,15
2022-06-15,China,Trigo,331.9,400715,bajando,Japón,287.57,355.56,2022,6,15
2022-06-15,Francia,Carne_porcina,2163.42,39305,subiendo,China,1908.83,2447.9,2022,6,15
2022-06-15,Francia,Leche,327.02,32084,bajando,Estados Unidos,305.45,346.96,2022,6,15
2022-06-15,Francia,Maíz,178.79,3769,estable,China,168.01,189.99,2022,6,15
2022-06-15,Alemania,Carne_bovina,3751.62,22478,subiendo,Estados Unidos,3334.86,4175.18,2022,6,15
2022-06-15,Alemania,Maíz,166.06,23495,estable,Sudeste Asiático,145.59,185.74,2022,6,15
2022-06-15,Alemania,Leche,321.05,15223,estable,África,294.16,352.49,2022,6,15
2022-06-15,Australia,Carne_bovina,3983.3,25821,estable,China,3710.29,4344.95,2022,6,15
2022-06-15,Australia,Soja,582.95,122774,subiendo,África,543.47,616.73,2022,6,15
2022-06-15,Australia,Carne_porcina,2357.85,97637,bajando,Oriente Medio,2077.55,2554.38,2022,6,15
2022-06-15,México,Soja,490.58,25892,bajando,Japón,442.05,543.69,2022,6,15
2022-06-15,México,Trigo,230.58,34296,subiendo,Sudeste Asiático,210.56,248.89,2022,6,15
2022-06-15,México,Carne_porcina,2628.64,28644,estable,Oriente Medio,2374.41,2798.47,2022,6,15
2022-06-15,Kenia,Soja,480.77,17704,bajando,UE,459.71,533.07,2022,6,15
2022-06-15,Kenia,Trigo,262.91,41858,estable,Sudeste Asiático,256.25,279.22,2022,6,15
2022-06-15,Kenia,Leche,350.81,42603,bajando,Oriente Medio,335.96,359.78,2022,6,15
2022-06-15,Nueva Zelanda,Trigo,262.15,1080,subiendo,Sudeste Asiático,256.23,267.67,2022,6,15
2022-06-15,Nueva Zelanda,Maíz,171.95,28670,subiendo,UE,152.04,181.18,2022,6,15
2022-06-15,Nueva Zelanda,Carne_porcina,2188.29,38946,subiendo,África,2085.99,2495.64,2022,6,15
2022-06-15,España,Carne_bovina,4034.21,27354,bajando,China,3727.84,4205.7,2022,6,15
2022-06-15,España,Arroz,362.69,41217,estable,Sudeste Asiático,344.37,411.02,2022,6,15
2022-06-15,España,Leche,345.28,47328,subiendo,África,317.62,392.26,2022,6,15
2022-07-15,Argentina,Soja,510.86,15576,estable,Oriente Medio,487.76,584.82,2022,7,15
2022-07-15,Argentina,Arroz,390.99,110597,bajando,China,342.67,446.96,2022,7,15
2022-07-15,Argentina,Maíz,208.32,27040,estable,Sudeste Asiático,182.63,225.21,2022,7,15
2022-07-15,Brasil,Carne_porcina,2548.93,172702,subiendo,Oriente Medio,2260.69,2757.27,2022,7,15
2022-07-15,Brasil,Leche,305.85,171922,estable,China,284.03,336.72,2022,7,15
2022-07-15,Brasil,Trigo,269.2,151188,estable,Oriente Medio,262.75,281.11,2022,7,15
2022-07-15,Estados Unidos,Soja,490.58,70719,bajando,UE,458.78,511.25,2022,7,15
2022-07-15,Estados Unidos,Arroz,388.74,370451,subiendo,África,353.18,403.28,2022,7,15
2022-07-15,Estados Unidos,Leche,318.99,60318,subiendo,Sudeste Asiático,299.73,360.16,2022,7,15
2022-07-15,India,Trigo,253.24,72966,estable,UE,217.21,274.2,2022,7,15
2022-07-15,India,Maíz,189.34,47864,subiendo,México,174.33,204.59,2022,7,15
2022-07-15,India,Carne_bovina,4097.73,134431,subiendo,Oriente Medio,4006.7,4640.77,2022,7,15
2022-07-15,China,Carne_bovina,3630.17,310051,bajando,Estados Unidos,3173.2,3709.38,2022,7,15
2022-07-15,China,Arroz,374.79,403081,subiendo,Estados Unidos,339.0,387.54,2022,7,15
2022-07-15,China,Soja,489.65,150882,bajando,Oriente Medio,449.67,505.76,2022,7,15
2022-07-15,Francia,Arroz,321.22,27172,bajando,Estados Unidos,275.38,366.48,2022,7,15
2022-07-15,Francia,Soja,482.68,22969,subiendo,Oriente Medio,466.33,518.32,2022,7,15
2022-07-15,Francia,Maíz,175.58,13883,bajando,China,149.47,189.7,2022,7,15
2022-07-15,Alemania,Carne_bovina,3622.57,9949,bajando,China,3091.43,3912.31,2022,7,15
2022-07-15,Alemania,Trigo,285.4,3268,estable,Sudeste Asiático,248.96,294.58,2022,7,15
2022-07-15,Alemania,Maíz,186.25,38117,subiendo,Sudeste Asiático,179.73,205.84,2022,7,15
2022-07-15,Australia,Arroz,330.07,76554,bajando,México,312.46,370.67,2022,7,15
2022-07-15,Australia,Soja,513.19,53826,estable,UE,467.83,523.87,2022,7,15
2022-07-15,Australia,Carne_porcina,2227.94,24101,subiendo,Japón,2113.75,2357.4,2022,7,15
2022-07-15,México,Leche,313.63,27038,subiendo,Estados Unidos,280.54,328.65,2022,7,15
2022-07-15,México,Soja,517.32,10300,estable,China,478.95,548.18,2022,7,15
2022-07-15,México,Carne_porcina,2714.02,32094,subiendo,Oriente Medio,2524.61,2841.77,2022,7,15
2022-07-15,Kenia,Soja,446.21,9555,bajando,Oriente Medio,383.86,482.14,2022,7,15
2022-07-15,Kenia,Arroz,375.27,2579,estable,Estados Unidos,332.17,399.61,2022,7,15
2022-07-15,Kenia,Trigo,316.78,23987,subiendo,Oriente Medio,270.79,327.47,2022,7,15
2022-07-15,Nueva Zelanda,Carne_bovina,4038.11,39105,subiendo,Estados Unidos,3855.21,4402.61,2022,7,15
2022-07-15,Nueva Zelanda,Carne_porcina,2485.7,19712,estable,Oriente Medio,2195.34,2715.08,2022,7,15
2022-07-15,Nueva Zelanda,Maíz,225.35,34665,estable,Oriente Medio,195.27,243.44,2022,7,15
2022-07-15,España,Maíz,190.81,17961,subiendo,Japón,173.06,210.93,2022,7,15
2022-07-15,España,Leche,390.71,8178,estable,China,357.03,430.0,2022,7,15
2022-07-15,España,Carne_bovina,3690.74,20711,subiendo,China,3330.81,4118.16,2022,7,15
2022-08-15,Argentina,Leche,360.03,43517,subiendo,África,351.88,380.27,2022,8,15
2022-08-15,Argentina,Carne_bovina,3719.49,127715,subiendo,Estados Unidos,3218.27,4071.47,2022,8,15
2022-08-15,Argentina,Soja,477.05,123165,subiendo,Estados Unidos,449.8,487.2,2022,8,15
2022-08-15,Brasil,Maíz,208.98,439306,subiendo,China,187.39,222.09,2022,8,15
2022-08-15,Brasil,Soja,553.19,51037,subiendo,China,471.51,601.57,2022,8,15
2022-08-15,Brasil,Carne_porcina,2240.79,424507,bajando,Sudeste Asiático,1974.37,2318.0,2022,8,15
2022-08-15,Estados Unidos,Maíz,204.33,347862,subiendo,UE,180.38,219.2,2022,8,15
2022-08-15,Estados Unidos,Leche,321.38,498724,subiendo,Oriente Medio,296.89,358.78,2022,8,15
2022-08-15,Estados Unidos,Carne_bovina,3532.92,409405,bajando,Japón,3431.86,3944.44,2022,8,15
2022-08-15,India,Carne_bovina,4227.32,130541,estable,China,3806.56,4609.6,2022,8,15
2022-08-15,India,Carne_porcina,2472.7,31548,estable,Oriente Medio,2256.1,2605.09,2022,8,15
2022-08-15,India,Leche,306.32,145017,bajando,Japón,270.29,317.17,2022,8,15
2022-08-15,China,Maíz,207.28,100395,estable,UE,184.76,229.27,2022,8,15
2022-08-15,China,Carne_porcina,2414.93,185862,bajando,Estados Unidos,2291.05,2765.51,2022,8,15
2022-08-15,China,Soja,498.99,149149,estable,México,476.36,552.09,2022,8,15
2022-08-15,Francia,Maíz,177.29,28058,bajando,China,160.99,189.48,2022,8,15
2022-08-15,Francia,Trigo,304.86,19571,estable,México,293.35,328.08,2022,8,15
2022-08-15,Francia,Soja,415.7,4837,estable,Estados Unidos,367.77,458.81,2022,8,15
2022-08-15,Alemania,Maíz,225.36,10975,subiendo,Japón,206.59,247.34,2022,8,15
2022-08-15,Alemania,Soja,556.11,10783,bajando,Estados Unidos,475.13,592.29,2022,8,15
2022-08-15,Alemania,Carne_bovina,4139.65,46142,bajando,Estados Unidos,3770.33,4647.41,2022,8,15
2022-08-15,Australia,Trigo,268.37,68266,bajando,Sudeste Asiático,228.72,284.01,2022,8,15
2022-08-15,Australia,Carne_porcina,2129.86,46566,estable,África,1840.05,2204.63,2022,8,15
2022-08-15,Australia,Soja,446.32,56318,estable,África,399.45,456.29,2022,8,15
2022-08-15,México,Carne_porcina,2447.08,40427,subiendo,Japón,2097.63,2631.69,2022,8,15
2022-08-15,México,Arroz,289.03,37802,subiendo,Estados Unidos,262.9,295.93,2022,8,15
2022-08-15,México,Maíz,215.93,12519,subiendo,Estados Unidos,199.48,248.05,2022,8,15
2022-08-15,Kenia,Carne_porcina,2228.39,43917,bajando,África,1897.47,2486.01,2022,8,15
2022-08-15,Kenia,Arroz,327.77,48874,bajando,México,294.87,336.28,2022,8,15
2022-08-15,Kenia,Maíz,222.13,10458,bajando,Oriente Medio,217.33,251.18,2022,8,15
2022-08-15,Nueva Zelanda,Trigo,235.21,16505,subiendo,África,215.19,262.65,2022,8,15
2022-08-15,Nueva Zelanda,Arroz,333.96,48965,bajando,Sudeste Asiático,320.57,351.91,2022,8,15
2022-08-15,Nueva Zelanda,Maíz,199.42,6444,bajando,Oriente Medio,183.37,207.64,2022,8,15
2022-08-15,España,Trigo,335.29,13010,bajando,Sudeste Asiático,328.01,364.2,2022,8,15
2022-08-15,España,Maíz,222.06,26390,bajando,Oriente Medio,216.25,251.21,2022,8,15
2022-08-15,España,Soja,431.25,41724,bajando,Oriente Medio,414.34,464.65,2022,8,15
2022-09-15,Argentina,Leche,363.69,31107,estable,Estados Unidos,336.47,401.18,2022,9,15
2022-09-15,Argentina,Trigo,286.61,38535,estable,México,262.27,310.36,2022,9,15
2022-09-15,Argentina,Carne_bovina,3957.42,71680,bajando,México,3781.4,4194.82,2022,9,15
2022-09-15,Brasil,Trigo,379.45,337144,subiendo,UE,329.97,403.63,2022,9,15
2022-09-15,Brasil,Carne_porcina,2893.58,366985,estable,África,2521.1,3048.04,2022,9,15
2022-09-15,Brasil,Arroz,370.95,259541,estable,México,353.94,409.37,2022,9,15
2022-09-15,Estados Unidos,Maíz,229.55,455856,subiendo,UE,210.97,247.97,2022,9,15
2022-09-15,Estados Unidos,Leche,358.28,172422,bajando,Japón,320.26,392.78,2022,9,15
2022-09-15,Estados Unidos,Carne_porcina,2707.73,313554,subiendo,UE,2487.51,2859.47,2022,9,15
2022-09-15,India,Leche,346.49,78071,subiendo,África,332.65,390.2,2022,9,15
2022-09-15,India,Arroz,394.99,52204,bajando,México,345.81,441.39,2022,9,15
2022-09-15,India,Carne_bovina,4139.25,74784,subiendo,UE,3899.46,4249.45,2022,9,15
2022-09-15,China,Carne_bovina,4439.54,175680,bajando,Estados Unidos,3831.6,4949.64,2022,9,15
2022-09-15,China,Carne_porcina,2841.29,80646,subiendo,Estados Unidos,2438.18,3156.26,2022,9,15
2022-09-15,China,Leche,352.8,484148,estable,China,303.56,396.9,2022,9,15
2022-09-15,Francia,Maíz,214.27,8653,subiendo,UE,203.02,232.38,2022,9,15
2022-09-15,Francia,Leche,371.11,43744,estable,Oriente Medio,317.64,414.68,2022,9,15
2022-09-15,Francia,Soja,608.23,11196,bajando,China,574.06,640.82,2022,9,15
2022-09-15,Alemania,Carne_bovina,4623.83,35333,bajando,África,4484.03,5094.21,2022,9,15
2022-09-15,Alemania,Carne_porcina,2617.45,23329,subiendo,África,2405.21,2910.09,2022,9,15
2022-09-15,Alemania,Trigo,282.83,37576,estable,Sudeste Asiático,259.62,288.61,2022,9,15
2022-09-15,Australia,Soja,588.24,132669,subiendo,Oriente Medio,508.09,602.1,2022,9,15
2022-09-15,Australia,Arroz,369.37,133202,subiendo,Estados Unidos,356.88,409.26,2022,9,15
2022-09-15,Australia,Carne_bovina,4616.88,110715,bajando,Sudeste Asiático,4218.69,4781.61,2022,9,15
2022-09-15,México,Soja,543.77,28474,estable,UE,525.8,555.14,2022,9,15
2022-09-15,México,Arroz,401.31,45153,estable,África,382.04,433.62,2022,9,15
2022-09-15,México,Trigo,352.45,12122,estable,México,330.24,372.93,2022,9,15
2022-09-15,Kenia,Leche,421.72,11634,subiendo,Oriente Medio,390.54,473.43,2022,9,15
2022-09-15,Kenia,Soja,534.91,26062,estable,África,513.57,563.66,2022,9,15
2022-09-15,Kenia,Carne_porcina,2590.91,29998,estable,África,2224.6,2851.47,2022,9,15
2022-09-15,Nueva Zelanda,Maíz,251.29,24899,estable,Estados Unidos,216.52,258.11,2022,9,15
2022-09-15,Nueva Zelanda,Soja,481.53,20542,subiendo,Oriente Medio,413.85,521.23,2022,9,15
2022-09-15,Nueva Zelanda,Carne_bovina,3795.45,4042,estable,México,3666.64,3948.59,2022,9,15
2022-09-15,España,Leche,402.09,38872,subiendo,México,370.1,425.44,2022,9,15
2022-09-15,España,Soja,449.5,20754,subiendo,Oriente Medio,417.18,505.79,2022,9,15
2022-09-15,España,Maíz,229.23,15983,subiendo,Estados Unidos,197.85,260.98,2022,9,15
2022-10-15,Argentina,Arroz,407.93,111747,estable,México,368.18,458.21,2022,10,15
2022-10-15,Argentina,Leche,380.66,96506,subiendo,México,350.78,392.9,2022,10,15
2022-10-15,Argentina,Trigo,315.79,82387,bajando,Oriente Medio,279.07,362.89,2022,10,15
2022-10-15,Brasil,Arroz,417.6,114109,bajando,Sudeste Asiático,368.36,444.25,2022,10,15
2022-10-15,Brasil,Carne_bovina,4726.55,108283,subiendo,UE,4574.16,5378.76,2022,10,15
2022-10-15,Brasil,Carne_porcina,2450.43,172793,estable,África,2326.58,2658.0,2022,10,15
2022-10-15,Estados Unidos,Maíz,196.05,385277,subiendo,Sudeste Asiático,170.74,218.69,2022,10,15
2022-10-15,Estados Unidos,Trigo,259.04,203468,bajando,África,246.17,278.46,2022,10,15
2022-10-15,Estados Unidos,Carne_porcina,2533.9,237749,subiendo,Sudeste Asiático,2187.33,2736.33,2022,10,15
2022-10-15,India,Maíz,187.57,79094,estable,Sudeste Asiático,172.4,206.96,2022,10,15
2022-10-15,India,Carne_bovina,4208.64,26043,subiendo,UE,3843.61,4460.72,2022,10,15
2022-10-15,India,Arroz,331.77,58683,bajando,México,317.43,374.66,2022,10,15
2022-10-15,China,Carne_bovina,4346.21,134933,estable,Estados Unidos,3882.05,4868.52,2022,10,15
2022-10-15,China,Trigo,311.46,127332,bajando,Estados Unidos,287.21,351.45,2022,10,15
2022-10-15,China,Arroz,410.69,274715,bajando,Estados Unidos,349.64,453.75,2022,10,15
2022-10-15,Francia,Arroz,371.17,47295,subiendo,África,325.55,405.06,2022,10,15
2022-10-15,Francia,Carne_porcina,2903.9,46326,subiendo,África,2696.23,3044.23,2022,10,15
2022-10-15,Francia,Soja,558.01,32141,estable,China,503.79,617.91,2022,10,15
2022-10-15,Alemania,Maíz,242.78,26780,estable,Japón,211.93,269.54,2022,10,15
2022-10-15,Alemania,Trigo,368.77,18020,subiendo,África,351.24,409.1,2022,10,15
2022-10-15,Alemania,Carne_bovina,4672.01,10488,bajando,Japón,4322.09,5216.23,2022,10,15
2022-10-15,Australia,Trigo,303.62,12315,bajando,Japón,284.99,338.82,2022,10,15
2022-10-15,Australia,Carne_bovina,3977.53,134174,estable,Sudeste Asiático,3639.34,4232.37,2022,10,15
2022-10-15,Australia,Arroz,354.61,30178,estable,China,312.54,397.72,2022,10,15
2022-10-15,México,Trigo,335.89,9535,bajando,Japón,293.38,373.45,2022,10,15
2022-10-15,México,Soja,505.55,32597,subiendo,UE,479.77,570.6,2022,10,15
2022-10-15,México,Carne_porcina,2925.41,33118,bajando,UE,2855.0,3024.46,2022,10,15
2022-10-15,Kenia,Soja,519.7,25376,subiendo,México,459.86,567.42,2022,10,15
2022-10-15,Kenia,Maíz,211.77,25562,subiendo,UE,203.01,242.31,2022,10,15
2022-10-15,Kenia,Trigo,268.49,12742,subiendo,China,259.58,299.93,2022,10,15
2022-10-15,Nueva Zelanda,Carne_bovina,4290.78,18441,subiendo,Oriente Medio,3797.01,4838.92,2022,10,15
2022-10-15,Nueva Zelanda,Leche,355.39,5682,bajando,Sudeste Asiático,342.9,397.58,2022,10,15
2022-10-15,Nueva Zelanda,Maíz,252.54,6268,bajando,Japón,229.29,283.15,2022,10,15
2022-10-15,España,Trigo,362.85,13994,subiendo,Estados Unidos,327.92,391.75,2022,10,15
2022-10-15,España,Carne_porcina,2476.61,38851,subiendo,UE,2382.98,2667.99,2022,10,15
2022-10-15,España,Maíz,227.71,29392,subiendo,China,209.54,260.62,2022,10,15
2022-11-15,Argentina,Maíz,225.88,25955,subiendo,África,210.08,248.39,2022,11,15
2022-11-15,Argentina,Carne_porcina,2877.08,67405,estable,Japón,2493.1,3196.7,2022,11,15
2022-11-15,Argentina,Arroz,412.83,32808,subiendo,UE,395.04,433.01,2022,11,15
2022-11-15,Brasil,Carne_porcina,2968.74,275044,subiendo,Estados Unidos,2843.92,3305.42,2022,11,15
2022-11-15,Brasil,Maíz,216.25,482046,subiendo,Sudeste Asiático,208.08,236.13,2022,11,15
2022-11-15,Brasil,Trigo,319.67,358340,bajando,México,297.63,352.1,2022,11,15
2022-11-15,Estados Unidos,Trigo,348.64,336330,bajando,México,333.33,374.59,2022,11,15
2022-11-15,Estados Unidos,Maíz,210.6,266417,subiendo,Estados Unidos,180.23,215.09,2022,11,15
2022-11-15,Estados Unidos,Arroz,370.7,491662,subiendo,China,323.09,415.3,2022,11,15
2022-11-15,India,Trigo,326.05,19068,estable,Japón,284.49,339.22,2022,11,15
2022-11-15,India,Leche,386.21,55433,subiendo,Estados Unidos,340.56,397.31,2022,11,15
2022-11-15,India,Soja,484.21,96870,bajando,China,418.73,549.59,2022,11,15
2022-11-15,China,Soja,531.06,67506,subiendo,Oriente Medio,491.5,597.81,2022,11,15
2022-11-15,China,Trigo,347.56,460710,subiendo,Japón,329.54,365.61,2022,11,15
2022-11-15,China,Carne_porcina,2806.31,179126,bajando,Estados Unidos,2601.38,2910.69,2022,11,15
2022-11-15,Francia,Leche,380.85,36282,estable,Japón,329.79,429.64,2022,11,15
2022-11-15,Francia,Carne_bovina,4657.19,6928,subiendo,China,4227.63,4952.15,2022,11,15
2022-11-15,Francia,Maíz,215.58,41090,estable,Estados Unidos,209.9,223.19,2022,11,15
2022-11-15,Alemania,Soja,497.24,21249,estable,África,440.61,511.42,2022,11,15
2022-11-15,Alemania,Arroz,324.68,18576,estable,UE,299.88,369.23,2022,11,15
2022-11-15,Alemania,Carne_porcina,2779.0,7408,estable,Estados Unidos,2427.47,2995.83,2022,11,15
2022-11-15,Australia,Carne_porcina,2577.53,115062,subiendo,Oriente Medio,2477.39,2720.92,2022,11,15
2022-11-15,Australia,Soja,526.12,143351,estable,Oriente Medio,464.43,543.68,2022,11,15
2022-11-15,Australia,Maíz,247.94,121600,subiendo,Sudeste Asiático,236.81,260.27,2022,11,15
2022-11-15,México,Maíz,199.47,35933,bajando,África,192.23,210.48,2022,11,15
2022-11-15,México,Carne_bovina,4204.45,5115,bajando,Japón,4043.87,4482.37,2022,11,15
2022-11-15,México,Carne_porcina,2506.79,48172,subiendo,UE,2320.39,2591.16,2022,11,15
2022-11-15,Kenia,Soja,535.35,39750,bajando,Estados Unidos,473.21,588.2,2022,11,15
2022-11-15,Kenia,Carne_porcina,2553.71,17470,subiendo,Estados Unidos,2492.92,2771.34,2022,11,15
2022-11-15,Kenia,Maíz,206.79,42175,estable,África,194.6,225.44,2022,11,15
2022-11-15,Nueva Zelanda,Maíz,245.29,20825,estable,Sudeste Asiático,224.2,263.95,2022,11,15
2022-11-15,Nueva Zelanda,Carne_bovina,4594.17,13994,subiendo,Japón,4357.49,5037.78,2022,11,15
2022-11-15,Nueva Zelanda,Soja,594.35,7243,bajando,China,518.02,642.35,2022,11,15
2022-11-15,España,Carne_bovina,4471.53,35063,bajando,África,4228.19,4869.28,2022,11,15
2022-11-15,España,Carne_porcina,2881.21,22013,estable,Oriente Medio,2715.19,3117.81,2022,11,15
2022-11-15,España,Trigo,297.16,49474,estable,México,267.96,307.94,2022,11,15
2022-12-15,Argentina,Carne_bovina,3613.73,93593,estable,África,3109.33,3961.11,2022,12,15
2022-12-15,Argentina,Soja,425.21,58120,bajando,China,403.16,463.19,2022,12,15
2022-12-15,Argentina,Trigo,289.59,116360,subiendo,México,262.99,316.18,2022,12,15
2022-12-15,Brasil,Soja,544.02,97521,subiendo,Estados Unidos,479.79,574.24,2022,12,15
2022-12-15,Brasil,Carne_bovina,3809.92,361438,subiendo,China,3538.33,4210.6,2022,12,15
2022-12-15,Brasil,Trigo,295.73,282460,subiendo,Estados Unidos,267.13,301.66,2022,12,15
2022-12-15,Estados Unidos,Leche,355.61,151819,subiendo,UE,324.33,375.9,2022,12,15
2022-12-15,Estados Unidos,Trigo,252.14,372187,subiendo,China,238.49,259.95,2022,12,15
2022-12-15,Estados Unidos,Maíz,175.05,155272,estable,Estados Unidos,151.85,185.32,2022,12,15
2022-12-15,India,Arroz,356.04,11517,estable,China,322.07,364.15,2022,12,15
2022-12-15,India,Maíz,195.52,19770,bajando,Oriente Medio,173.34,202.25,2022,12,15
2022-12-15,India,Carne_porcina,2495.84,24389,bajando,Oriente Medio,2403.84,2672.59,2022,12,15
2022-12-15,China,Soja,500.94,57720,estable,África,440.66,522.25,2022,12,15
2022-12-15,China,Carne_porcina,2179.37,483147,bajando,Estados Unidos,2095.38,2413.72,2022,12,15
2022-12-15,China,Carne_bovina,3926.31,153928,bajando,UE,3343.71,4483.03,2022,12,15
2022-12-15,Francia,Carne_bovina,4321.12,20639,subiendo,Japón,4074.83,4626.11,2022,12,15
2022-12-15,Francia,Trigo,282.04,8622,estable,Japón,256.59,304.69,2022,12,15
2022-12-15,Francia,Carne_porcina,2471.57,24724,bajando,Oriente Medio,2388.18,2762.64,2022,12,15
2022-12-15,Alemania,Arroz,366.84,12800,estable,China,350.87,416.15,2022,12,15
2022-12-15,Alemania,Carne_porcina,2577.47,23294,subiendo,Sudeste Asiático,2197.47,2658.01,2022,12,15
2022-12-15,Alemania,Soja,537.73,38003,subiendo,Estados Unidos,478.03,561.26,2022,12,15
2022-12-15,Australia,Soja,441.19,80076,subiendo,Sudeste Asiático,384.66,465.42,2022,12,15
2022-12-15,Australia,Trigo,277.74,61477,estable,Oriente Medio,256.75,299.49,2022,12,15
2022-12-15,Australia,Carne_bovina,3756.99,104092,bajando,África,3557.48,4016.99,2022,12,15
2022-12-15,México,Leche,319.81,46102,bajando,Estados Unidos,280.07,344.25,2022,12,15
2022-12-15,México,Soja,477.23,1792,subiendo,África,419.74,541.03,2022,12,15
2022-12-15,México,Arroz,339.77,49622,bajando,Estados Unidos,292.84,378.64,2022,12,15
2022-12-15,Kenia,Soja,525.36,3130,estable,Japón,479.13,541.18,2022,12,15
2022-12-15,Kenia,Trigo,289.1,33029,estable,Oriente Medio,273.43,305.92,2022,12,15
2022-12-15,Kenia,Carne_bovina,4144.07,35245,bajando,México,3636.82,4254.55,2022,12,15
2022-12-15,Nueva Zelanda,Carne_porcina,2439.7,43718,bajando,Oriente Medio,2155.07,2619.83,2022,12,15
2022-12-15,Nueva Zelanda,Arroz,348.38,26408,subiendo,Oriente Medio,321.19,391.99,2022,12,15
2022-12-15,Nueva Zelanda,Maíz,207.39,44196,bajando,UE,190.28,233.55,2022,12,15
2022-12-15,España,Carne_porcina,2060.44,30675,bajando,Estados Unidos,1905.89,2131.11,2022,12,15
2022-12-15,España,Carne_bovina,3952.63,3687,estable,Sudeste Asiático,3693.63,4462.09,2022,12,15
2022-12-15,España,Leche,324.91,16478,bajando,Oriente Medio,307.98,349.51,2022,12,15
